scenario,sample_index,request_certificate_serialize_latency_us
normal_moving_flight,0,450.541
normal_moving_flight,1,370.334
normal_moving_flight,2,386.875
normal_moving_flight,3,440.58300000000003
normal_moving_flight,4,441.416
normal_moving_flight,5,399.5
normal_moving_flight,6,407.91699999999997
normal_moving_flight,7,401.54199999999997
normal_moving_flight,8,398.75
normal_moving_flight,9,423.33300000000003
normal_moving_flight,10,426.125
normal_moving_flight,11,424.29199999999997
normal_moving_flight,12,436.291
normal_moving_flight,13,437.04199999999997
normal_moving_flight,14,401.79199999999997
normal_moving_flight,15,414.45800000000003
normal_moving_flight,16,404.70800000000003
normal_moving_flight,17,420.834
normal_moving_flight,18,449.584
normal_moving_flight,19,455.375
normal_moving_flight,20,437.83300000000003
normal_moving_flight,21,472.91699999999997
normal_moving_flight,22,475.54199999999997
normal_moving_flight,23,468.58300000000003
normal_moving_flight,24,460.375
normal_moving_flight,25,470.16699999999997
normal_moving_flight,26,468.791
normal_moving_flight,27,449.66699999999997
normal_moving_flight,28,472
normal_moving_flight,29,475.75
normal_moving_flight,30,454
normal_moving_flight,31,468.54199999999997
normal_moving_flight,32,477.209
normal_moving_flight,33,497.041
normal_moving_flight,34,466.875
normal_moving_flight,35,509.125
normal_moving_flight,36,516.45799999999997
normal_moving_flight,37,530.04100000000005
normal_moving_flight,38,508.04199999999997
normal_moving_flight,39,508.79199999999997
normal_moving_flight,40,538.04100000000005
normal_moving_flight,41,521.66700000000003
normal_moving_flight,42,533.375
normal_moving_flight,43,519.25
normal_moving_flight,44,527.25
normal_moving_flight,45,521.54200000000003
normal_moving_flight,46,536.08299999999997
normal_moving_flight,47,546.33399999999995
normal_moving_flight,48,534.875
normal_moving_flight,49,569.375
normal_moving_flight,50,574.41700000000003
normal_moving_flight,51,561
normal_moving_flight,52,559.5
normal_moving_flight,53,563.66700000000003
normal_moving_flight,54,556.375
normal_moving_flight,55,556.125
normal_moving_flight,56,570.125
normal_moving_flight,57,562.25
normal_moving_flight,58,596.91700000000003
normal_moving_flight,59,545
normal_moving_flight,60,568.95799999999997
normal_moving_flight,61,598.66700000000003
normal_moving_flight,62,599.75
normal_moving_flight,63,586.95799999999997
normal_moving_flight,64,594.83399999999995
normal_moving_flight,65,602.04200000000003
normal_moving_flight,66,596.5
normal_moving_flight,67,609.16700000000003
normal_moving_flight,68,610.875
normal_moving_flight,69,609.41600000000005
normal_moving_flight,70,630.625
normal_moving_flight,71,598.58299999999997
normal_moving_flight,72,594.54200000000003
normal_moving_flight,73,632.91600000000005
normal_moving_flight,74,604
normal_moving_flight,75,654.41700000000003
normal_moving_flight,76,664.29200000000003
normal_moving_flight,77,629.54100000000005
normal_moving_flight,78,634.75
normal_moving_flight,79,624.70799999999997
normal_moving_flight,80,670.79200000000003
normal_moving_flight,81,658.79200000000003
normal_moving_flight,82,659.70799999999997
normal_moving_flight,83,636.83399999999995
normal_moving_flight,84,654.875
normal_moving_flight,85,677.16600000000005
normal_moving_flight,86,661.41700000000003
normal_moving_flight,87,655
normal_moving_flight,88,684.91600000000005
normal_moving_flight,89,660.5
normal_moving_flight,90,723.25
normal_moving_flight,91,683
normal_moving_flight,92,694.25
normal_moving_flight,93,710.58299999999997
normal_moving_flight,94,712
normal_moving_flight,95,684
normal_moving_flight,96,699.83399999999995
normal_moving_flight,97,702.95899999999995
normal_moving_flight,98,689.25
normal_moving_flight,99,726.83299999999997
normal_moving_flight,100,711.125
normal_moving_flight,101,726.91600000000005
normal_moving_flight,102,721.20799999999997
normal_moving_flight,103,698.91700000000003
normal_moving_flight,104,695.04100000000005
normal_moving_flight,105,756.66700000000003
normal_moving_flight,106,730
normal_moving_flight,107,775.25
normal_moving_flight,108,776
normal_moving_flight,109,769.875
normal_moving_flight,110,759.16700000000003
normal_moving_flight,111,793.83299999999997
normal_moving_flight,112,779.25
normal_moving_flight,113,779.04100000000005
normal_moving_flight,114,784.45899999999995
normal_moving_flight,115,758.75
normal_moving_flight,116,777.04100000000005
normal_moving_flight,117,770.375
normal_moving_flight,118,782.875
normal_moving_flight,119,780.41700000000003
normal_moving_flight,120,788.58299999999997
normal_moving_flight,121,816.375
normal_moving_flight,122,835.70799999999997
normal_moving_flight,123,817.20799999999997
normal_moving_flight,124,805.70799999999997
normal_moving_flight,125,783.625
normal_moving_flight,126,793.41700000000003
normal_moving_flight,127,827.75
normal_moving_flight,128,800.875
normal_moving_flight,129,810.08299999999997
normal_moving_flight,130,810.04200000000003
normal_moving_flight,131,797.625
normal_moving_flight,132,921.58299999999997
normal_moving_flight,133,847.41600000000005
normal_moving_flight,134,863.25
normal_moving_flight,135,851.91700000000003
normal_moving_flight,136,831.45899999999995
normal_moving_flight,137,866.625
normal_moving_flight,138,854.54100000000005
normal_moving_flight,139,868.16700000000003
normal_moving_flight,140,869.5
normal_moving_flight,141,834.875
normal_moving_flight,142,831.08299999999997
normal_moving_flight,143,834.58399999999995
normal_moving_flight,144,876.16600000000005
normal_moving_flight,145,849.16700000000003
normal_moving_flight,146,873.25
normal_moving_flight,147,871.95899999999995
normal_moving_flight,148,943.66600000000005
normal_moving_flight,149,892.16700000000003
normal_moving_flight,150,908.25
normal_moving_flight,151,878.41700000000003
normal_moving_flight,152,910.16700000000003
normal_moving_flight,153,916.75
normal_moving_flight,154,924.95899999999995
normal_moving_flight,155,900.08299999999997
normal_moving_flight,156,910.79200000000003
normal_moving_flight,157,898.25
normal_moving_flight,158,892.16600000000005
normal_moving_flight,159,907
normal_moving_flight,160,953.45799999999997
normal_moving_flight,161,933.16600000000005
normal_moving_flight,162,963.20799999999997
normal_moving_flight,163,954.70799999999997
normal_moving_flight,164,973.25
normal_moving_flight,165,983.5
normal_moving_flight,166,962.45899999999995
normal_moving_flight,167,987.83399999999995
normal_moving_flight,168,959.875
normal_moving_flight,169,940.79200000000003
normal_moving_flight,170,947.33299999999997
normal_moving_flight,171,940.83299999999997
normal_moving_flight,172,979.83299999999997
normal_moving_flight,173,952.33299999999997
normal_moving_flight,174,968.83299999999997
normal_moving_flight,175,962.33299999999997
normal_moving_flight,176,927.875
normal_moving_flight,177,981.41700000000003
normal_moving_flight,178,1032.1669999999999
normal_moving_flight,179,1008.75
normal_moving_flight,180,1007.75
normal_moving_flight,181,1032.625
normal_moving_flight,182,1001.833
normal_moving_flight,183,1016.333
normal_moving_flight,184,1011.5410000000001
normal_moving_flight,185,1008
normal_moving_flight,186,996.125
normal_moving_flight,187,1004.875
normal_moving_flight,188,1016
normal_moving_flight,189,1038.7080000000001
normal_moving_flight,190,1002.542
normal_moving_flight,191,1070.9159999999999
normal_moving_flight,192,1051.5419999999999
normal_moving_flight,193,1077.2919999999999
normal_moving_flight,194,1078.9580000000001
normal_moving_flight,195,1090.2080000000001
normal_moving_flight,196,1039.8330000000001
normal_moving_flight,197,1074.2919999999999
normal_moving_flight,198,1061.5409999999999
normal_moving_flight,199,1076.4580000000001
delayed_telemetry,0,282.959
delayed_telemetry,1,279.04199999999997
delayed_telemetry,2,293.79199999999997
delayed_telemetry,3,321.875
delayed_telemetry,4,296.08300000000003
delayed_telemetry,5,315.625
delayed_telemetry,6,308.75
delayed_telemetry,7,273.375
delayed_telemetry,8,300.875
delayed_telemetry,9,274.875
delayed_telemetry,10,304.33300000000003
delayed_telemetry,11,306.91699999999997
delayed_telemetry,12,324.33300000000003
delayed_telemetry,13,342.166
delayed_telemetry,14,328
delayed_telemetry,15,327.04199999999997
delayed_telemetry,16,327
delayed_telemetry,17,307.709
delayed_telemetry,18,307.58300000000003
delayed_telemetry,19,299.5
delayed_telemetry,20,314.5
delayed_telemetry,21,309.79199999999997
delayed_telemetry,22,301.416
delayed_telemetry,23,378.45800000000003
delayed_telemetry,24,352.25
delayed_telemetry,25,354.416
delayed_telemetry,26,361
delayed_telemetry,27,359.625
delayed_telemetry,28,367.584
delayed_telemetry,29,350.54199999999997
delayed_telemetry,30,369.375
delayed_telemetry,31,360.5
delayed_telemetry,32,379.125
delayed_telemetry,33,364.45800000000003
delayed_telemetry,34,375.95800000000003
delayed_telemetry,35,383.29199999999997
delayed_telemetry,36,389.959
delayed_telemetry,37,405.16699999999997
delayed_telemetry,38,393.33300000000003
delayed_telemetry,39,388.45800000000003
delayed_telemetry,40,405.5
delayed_telemetry,41,391.25
delayed_telemetry,42,404.95800000000003
delayed_telemetry,43,396.08300000000003
delayed_telemetry,44,402.625
delayed_telemetry,45,410.29199999999997
delayed_telemetry,46,427.875
delayed_telemetry,47,440.16699999999997
delayed_telemetry,48,461.459
delayed_telemetry,49,429.91699999999997
delayed_telemetry,50,294.45800000000003
delayed_telemetry,51,318.541
delayed_telemetry,52,300.375
delayed_telemetry,53,307.33300000000003
delayed_telemetry,54,311.54199999999997
delayed_telemetry,55,294.79199999999997
delayed_telemetry,56,305.166
delayed_telemetry,57,306.79199999999997
delayed_telemetry,58,309.33300000000003
delayed_telemetry,59,494.25
delayed_telemetry,60,474.166
delayed_telemetry,61,479.29199999999997
delayed_telemetry,62,485.08300000000003
delayed_telemetry,63,459.375
delayed_telemetry,64,474
delayed_telemetry,65,482.75
delayed_telemetry,66,501.91699999999997
delayed_telemetry,67,464.75
delayed_telemetry,68,484.666
delayed_telemetry,69,495.084
delayed_telemetry,70,523.5
delayed_telemetry,71,535.20799999999997
delayed_telemetry,72,510.20800000000003
delayed_telemetry,73,492.166
delayed_telemetry,74,497.08300000000003
delayed_telemetry,75,507.70800000000003
delayed_telemetry,76,499.875
delayed_telemetry,77,507.20800000000003
delayed_telemetry,78,538.29200000000003
delayed_telemetry,79,539.58399999999995
delayed_telemetry,80,518.58299999999997
delayed_telemetry,81,557.20799999999997
delayed_telemetry,82,537.16700000000003
delayed_telemetry,83,545.83399999999995
delayed_telemetry,84,553.58299999999997
delayed_telemetry,85,575.95799999999997
delayed_telemetry,86,546.08299999999997
delayed_telemetry,87,550.20899999999995
delayed_telemetry,88,548.16600000000005
delayed_telemetry,89,546.5
delayed_telemetry,90,554.20799999999997
delayed_telemetry,91,578.70899999999995
delayed_telemetry,92,586.20799999999997
delayed_telemetry,93,595.125
delayed_telemetry,94,582.08299999999997
delayed_telemetry,95,594.58299999999997
delayed_telemetry,96,584.375
delayed_telemetry,97,581.54200000000003
delayed_telemetry,98,593.125
delayed_telemetry,99,563.29200000000003
delayed_telemetry,100,618.95899999999995
delayed_telemetry,101,621.75
delayed_telemetry,102,614.04200000000003
delayed_telemetry,103,605.25
delayed_telemetry,104,605
delayed_telemetry,105,631.95799999999997
delayed_telemetry,106,630.33299999999997
delayed_telemetry,107,634.04200000000003
delayed_telemetry,108,625.375
delayed_telemetry,109,624.83299999999997
delayed_telemetry,110,634.41600000000005
delayed_telemetry,111,593.95899999999995
delayed_telemetry,112,618.16700000000003
delayed_telemetry,113,645.125
delayed_telemetry,114,666.20899999999995
delayed_telemetry,115,654.29200000000003
delayed_telemetry,116,688.125
delayed_telemetry,117,676.875
delayed_telemetry,118,717.41700000000003
delayed_telemetry,119,661.125
delayed_telemetry,120,664.08299999999997
delayed_telemetry,121,673.16700000000003
delayed_telemetry,122,704.58399999999995
delayed_telemetry,123,680.04100000000005
delayed_telemetry,124,687.91600000000005
delayed_telemetry,125,715.79200000000003
delayed_telemetry,126,692
delayed_telemetry,127,692.125
delayed_telemetry,128,698.83399999999995
delayed_telemetry,129,701.83299999999997
delayed_telemetry,130,691.29200000000003
delayed_telemetry,131,706.33399999999995
delayed_telemetry,132,731.95799999999997
delayed_telemetry,133,695.83399999999995
delayed_telemetry,134,717.79100000000005
delayed_telemetry,135,711.70799999999997
delayed_telemetry,136,777.25
delayed_telemetry,137,727.58399999999995
delayed_telemetry,138,719.33299999999997
delayed_telemetry,139,767.70799999999997
delayed_telemetry,140,750.04200000000003
delayed_telemetry,141,774.29200000000003
delayed_telemetry,142,759.25
delayed_telemetry,143,756.16700000000003
delayed_telemetry,144,777.25
delayed_telemetry,145,777.79200000000003
delayed_telemetry,146,770.875
delayed_telemetry,147,782.29100000000005
delayed_telemetry,148,781.79200000000003
delayed_telemetry,149,744.79200000000003
delayed_telemetry,150,790.83399999999995
delayed_telemetry,151,773.79200000000003
delayed_telemetry,152,804.25
delayed_telemetry,153,784.29100000000005
delayed_telemetry,154,816.54200000000003
delayed_telemetry,155,775.5
delayed_telemetry,156,802.95799999999997
delayed_telemetry,157,776.75
delayed_telemetry,158,799.625
delayed_telemetry,159,800.29100000000005
delayed_telemetry,160,814.08299999999997
delayed_telemetry,161,835.16600000000005
delayed_telemetry,162,815.125
delayed_telemetry,163,814.375
delayed_telemetry,164,818.83399999999995
delayed_telemetry,165,788.45799999999997
delayed_telemetry,166,845.75
delayed_telemetry,167,850.45799999999997
delayed_telemetry,168,851.16700000000003
delayed_telemetry,169,861.25
delayed_telemetry,170,828.91600000000005
delayed_telemetry,171,836.79200000000003
delayed_telemetry,172,828.58399999999995
delayed_telemetry,173,845.08299999999997
delayed_telemetry,174,856.91700000000003
delayed_telemetry,175,911.45799999999997
delayed_telemetry,176,879.20899999999995
delayed_telemetry,177,856.75
delayed_telemetry,178,894.70799999999997
delayed_telemetry,179,877.625
delayed_telemetry,180,891.5
delayed_telemetry,181,871.33399999999995
delayed_telemetry,182,843.45799999999997
delayed_telemetry,183,894.875
delayed_telemetry,184,919.66700000000003
delayed_telemetry,185,881.54200000000003
delayed_telemetry,186,910.08299999999997
delayed_telemetry,187,903.66700000000003
delayed_telemetry,188,902.875
delayed_telemetry,189,923.66600000000005
delayed_telemetry,190,912.95799999999997
delayed_telemetry,191,967.33299999999997
delayed_telemetry,192,891.91600000000005
delayed_telemetry,193,933.45799999999997
delayed_telemetry,194,926.625
delayed_telemetry,195,911.83299999999997
delayed_telemetry,196,909.45899999999995
delayed_telemetry,197,938.91700000000003
delayed_telemetry,198,977.04200000000003
delayed_telemetry,199,970.125
agent_restart_delayed_old_epoch,0,6218.7920000000004
agent_restart_delayed_old_epoch,1,6309.0420000000004
agent_restart_delayed_old_epoch,2,6179.25
agent_restart_delayed_old_epoch,3,6294.0829999999996
agent_restart_delayed_old_epoch,4,6198.8329999999996
agent_restart_delayed_old_epoch,5,6219.2920000000004
agent_restart_delayed_old_epoch,6,6301.2920000000004
agent_restart_delayed_old_epoch,7,6290.3329999999996
agent_restart_delayed_old_epoch,8,6296
agent_restart_delayed_old_epoch,9,6288.2920000000004
agent_restart_delayed_old_epoch,10,6315.4170000000004
agent_restart_delayed_old_epoch,11,6281.3329999999996
agent_restart_delayed_old_epoch,12,6258.9170000000004
agent_restart_delayed_old_epoch,13,6283.5829999999996
agent_restart_delayed_old_epoch,14,6256.25
agent_restart_delayed_old_epoch,15,6243.7079999999996
agent_restart_delayed_old_epoch,16,6261.1670000000004
agent_restart_delayed_old_epoch,17,6187.375
agent_restart_delayed_old_epoch,18,6254.7920000000004
agent_restart_delayed_old_epoch,19,6218.9589999999998
agent_restart_delayed_old_epoch,20,6588.25
agent_restart_delayed_old_epoch,21,6028.2910000000002
agent_restart_delayed_old_epoch,22,6458.9579999999996
agent_restart_delayed_old_epoch,23,6525.875
agent_restart_delayed_old_epoch,24,6606.5
agent_restart_delayed_old_epoch,25,6537.5
agent_restart_delayed_old_epoch,26,6518.4579999999996
agent_restart_delayed_old_epoch,27,6533.75
agent_restart_delayed_old_epoch,28,6532.9579999999996
agent_restart_delayed_old_epoch,29,6462.7920000000004
agent_restart_delayed_old_epoch,30,6572.9160000000002
agent_restart_delayed_old_epoch,31,6514.4589999999998
agent_restart_delayed_old_epoch,32,6453.2079999999996
agent_restart_delayed_old_epoch,33,6449.8329999999996
agent_restart_delayed_old_epoch,34,6079.5829999999996
agent_restart_delayed_old_epoch,35,6569.2910000000002
agent_restart_delayed_old_epoch,36,6446.5
agent_restart_delayed_old_epoch,37,6463.5829999999996
agent_restart_delayed_old_epoch,38,6624.7920000000004
agent_restart_delayed_old_epoch,39,6541
agent_restart_delayed_old_epoch,40,6520.125
agent_restart_delayed_old_epoch,41,6518.625
agent_restart_delayed_old_epoch,42,6601.3329999999996
agent_restart_delayed_old_epoch,43,6535
agent_restart_delayed_old_epoch,44,6474.7079999999996
agent_restart_delayed_old_epoch,45,6438.7079999999996
agent_restart_delayed_old_epoch,46,6436.6660000000002
agent_restart_delayed_old_epoch,47,6564.25
agent_restart_delayed_old_epoch,48,6464.9589999999998
agent_restart_delayed_old_epoch,49,6599
agent_restart_delayed_old_epoch,50,6591.4170000000004
agent_restart_delayed_old_epoch,51,6497.3329999999996
agent_restart_delayed_old_epoch,52,6518.5420000000004
agent_restart_delayed_old_epoch,53,6568.25
agent_restart_delayed_old_epoch,54,6568
agent_restart_delayed_old_epoch,55,6540.9589999999998
agent_restart_delayed_old_epoch,56,6465.25
agent_restart_delayed_old_epoch,57,6489.1670000000004
agent_restart_delayed_old_epoch,58,6465.2910000000002
agent_restart_delayed_old_epoch,59,5992.8329999999996
agent_restart_delayed_old_epoch,60,6570.75
agent_restart_delayed_old_epoch,61,6538.4170000000004
agent_restart_delayed_old_epoch,62,6641
agent_restart_delayed_old_epoch,63,6532.0410000000002
agent_restart_delayed_old_epoch,64,6590.9589999999998
agent_restart_delayed_old_epoch,65,6612.4589999999998
agent_restart_delayed_old_epoch,66,6523.5
agent_restart_delayed_old_epoch,67,6614.125
agent_restart_delayed_old_epoch,68,6525.1670000000004
agent_restart_delayed_old_epoch,69,6588.8329999999996
agent_restart_delayed_old_epoch,70,6457.25
agent_restart_delayed_old_epoch,71,6422
agent_restart_delayed_old_epoch,72,6579.2079999999996
agent_restart_delayed_old_epoch,73,6394.7089999999998
agent_restart_delayed_old_epoch,74,6533.9589999999998
agent_restart_delayed_old_epoch,75,6543.5420000000004
agent_restart_delayed_old_epoch,76,6479.5
agent_restart_delayed_old_epoch,77,6532.4170000000004
agent_restart_delayed_old_epoch,78,6654.7920000000004
agent_restart_delayed_old_epoch,79,6535.125
agent_restart_delayed_old_epoch,80,6638.0829999999996
agent_restart_delayed_old_epoch,81,6586
agent_restart_delayed_old_epoch,82,6549.25
agent_restart_delayed_old_epoch,83,6541.3339999999998
agent_restart_delayed_old_epoch,84,6664.5410000000002
agent_restart_delayed_old_epoch,85,6625.375
agent_restart_delayed_old_epoch,86,6485.9160000000002
agent_restart_delayed_old_epoch,87,6524
agent_restart_delayed_old_epoch,88,6635.9170000000004
agent_restart_delayed_old_epoch,89,6627.7910000000002
agent_restart_delayed_old_epoch,90,6488.875
agent_restart_delayed_old_epoch,91,6562.9579999999996
agent_restart_delayed_old_epoch,92,6657.5
agent_restart_delayed_old_epoch,93,6550.9579999999996
agent_restart_delayed_old_epoch,94,6583.875
agent_restart_delayed_old_epoch,95,6591.3329999999996
agent_restart_delayed_old_epoch,96,6659
agent_restart_delayed_old_epoch,97,6552.125
agent_restart_delayed_old_epoch,98,6573.2920000000004
agent_restart_delayed_old_epoch,99,6447.9170000000004
agent_restart_delayed_old_epoch,100,6625.9160000000002
agent_restart_delayed_old_epoch,101,6664.0839999999998
agent_restart_delayed_old_epoch,102,6547.5829999999996
agent_restart_delayed_old_epoch,103,6614.75
agent_restart_delayed_old_epoch,104,6523.2079999999996
agent_restart_delayed_old_epoch,105,6662.75
agent_restart_delayed_old_epoch,106,6591.625
agent_restart_delayed_old_epoch,107,6663.6660000000002
agent_restart_delayed_old_epoch,108,6547.25
agent_restart_delayed_old_epoch,109,6478.25
agent_restart_delayed_old_epoch,110,6633.625
agent_restart_delayed_old_epoch,111,6540.5410000000002
agent_restart_delayed_old_epoch,112,6686.2920000000004
agent_restart_delayed_old_epoch,113,6593.125
agent_restart_delayed_old_epoch,114,6516.9579999999996
agent_restart_delayed_old_epoch,115,6543.875
agent_restart_delayed_old_epoch,116,6571.1660000000002
agent_restart_delayed_old_epoch,117,6514.5420000000004
agent_restart_delayed_old_epoch,118,6573.9579999999996
agent_restart_delayed_old_epoch,119,6515.625
agent_restart_delayed_old_epoch,120,6594.8339999999998
agent_restart_delayed_old_epoch,121,6605.0420000000004
agent_restart_delayed_old_epoch,122,6516
agent_restart_delayed_old_epoch,123,6647.375
agent_restart_delayed_old_epoch,124,6581.7910000000002
agent_restart_delayed_old_epoch,125,6628.9589999999998
agent_restart_delayed_old_epoch,126,6569.5829999999996
agent_restart_delayed_old_epoch,127,6613.7079999999996
agent_restart_delayed_old_epoch,128,6656.0829999999996
agent_restart_delayed_old_epoch,129,6616.0420000000004
agent_restart_delayed_old_epoch,130,6518.625
agent_restart_delayed_old_epoch,131,6584.125
agent_restart_delayed_old_epoch,132,6654.875
agent_restart_delayed_old_epoch,133,6149.5
agent_restart_delayed_old_epoch,134,6618.25
agent_restart_delayed_old_epoch,135,6589.9160000000002
agent_restart_delayed_old_epoch,136,6645.75
agent_restart_delayed_old_epoch,137,6663.2079999999996
agent_restart_delayed_old_epoch,138,6831.5
agent_restart_delayed_old_epoch,139,6741.0839999999998
agent_restart_delayed_old_epoch,140,6704.0420000000004
agent_restart_delayed_old_epoch,141,6696
agent_restart_delayed_old_epoch,142,6540.3339999999998
agent_restart_delayed_old_epoch,143,6641.5829999999996
agent_restart_delayed_old_epoch,144,6614.75
agent_restart_delayed_old_epoch,145,6659.625
agent_restart_delayed_old_epoch,146,6728.7910000000002
agent_restart_delayed_old_epoch,147,6703.4170000000004
agent_restart_delayed_old_epoch,148,6705.8339999999998
agent_restart_delayed_old_epoch,149,6518.2079999999996
agent_restart_delayed_old_epoch,150,6626.3339999999998
agent_restart_delayed_old_epoch,151,6691.4589999999998
agent_restart_delayed_old_epoch,152,6705.0829999999996
agent_restart_delayed_old_epoch,153,6468.25
agent_restart_delayed_old_epoch,154,6740.0839999999998
agent_restart_delayed_old_epoch,155,6681.7079999999996
agent_restart_delayed_old_epoch,156,6711.125
agent_restart_delayed_old_epoch,157,6696.7910000000002
agent_restart_delayed_old_epoch,158,6646.875
agent_restart_delayed_old_epoch,159,6601.2079999999996
agent_restart_delayed_old_epoch,160,6754.125
agent_restart_delayed_old_epoch,161,6808.5829999999996
agent_restart_delayed_old_epoch,162,6666.5
agent_restart_delayed_old_epoch,163,6647.875
agent_restart_delayed_old_epoch,164,6606.9170000000004
agent_restart_delayed_old_epoch,165,6677.8339999999998
agent_restart_delayed_old_epoch,166,6758.5
agent_restart_delayed_old_epoch,167,6701.7920000000004
agent_restart_delayed_old_epoch,168,6716.1670000000004
agent_restart_delayed_old_epoch,169,6749.2920000000004
agent_restart_delayed_old_epoch,170,6562.1670000000004
agent_restart_delayed_old_epoch,171,6648.125
agent_restart_delayed_old_epoch,172,6666.1670000000004
agent_restart_delayed_old_epoch,173,6774.9579999999996
agent_restart_delayed_old_epoch,174,6683.375
agent_restart_delayed_old_epoch,175,6701.0829999999996
agent_restart_delayed_old_epoch,176,6676.6670000000004
agent_restart_delayed_old_epoch,177,6660.75
agent_restart_delayed_old_epoch,178,6644.5829999999996
agent_restart_delayed_old_epoch,179,6714.7910000000002
agent_restart_delayed_old_epoch,180,6763.25
agent_restart_delayed_old_epoch,181,6639.2920000000004
agent_restart_delayed_old_epoch,182,6688.875
agent_restart_delayed_old_epoch,183,6761.125
agent_restart_delayed_old_epoch,184,6718.2920000000004
agent_restart_delayed_old_epoch,185,6652.2089999999998
agent_restart_delayed_old_epoch,186,6660.5829999999996
agent_restart_delayed_old_epoch,187,6767.1670000000004
agent_restart_delayed_old_epoch,188,6726.875
agent_restart_delayed_old_epoch,189,6613
agent_restart_delayed_old_epoch,190,6673.4589999999998
agent_restart_delayed_old_epoch,191,6721.375
agent_restart_delayed_old_epoch,192,6743.7920000000004
agent_restart_delayed_old_epoch,193,6806.2089999999998
agent_restart_delayed_old_epoch,194,6851
agent_restart_delayed_old_epoch,195,6821.9160000000002
agent_restart_delayed_old_epoch,196,6782.7920000000004
agent_restart_delayed_old_epoch,197,6845.8329999999996
agent_restart_delayed_old_epoch,198,6779.3339999999998
agent_restart_delayed_old_epoch,199,6728.6670000000004
high_speed_delayed_motion,0,285.41699999999997
high_speed_delayed_motion,1,301.416
high_speed_delayed_motion,2,281.459
high_speed_delayed_motion,3,291.625
high_speed_delayed_motion,4,298.375
high_speed_delayed_motion,5,306.125
high_speed_delayed_motion,6,292
high_speed_delayed_motion,7,316.08300000000003
high_speed_delayed_motion,8,288.66699999999997
high_speed_delayed_motion,9,307.125
high_speed_delayed_motion,10,316.125
high_speed_delayed_motion,11,303.66699999999997
high_speed_delayed_motion,12,318.416
high_speed_delayed_motion,13,321.66699999999997
high_speed_delayed_motion,14,313.20800000000003
high_speed_delayed_motion,15,329.166
high_speed_delayed_motion,16,309.459
high_speed_delayed_motion,17,340.54199999999997
high_speed_delayed_motion,18,326.125
high_speed_delayed_motion,19,341.25
high_speed_delayed_motion,20,339.79199999999997
high_speed_delayed_motion,21,334.45800000000003
high_speed_delayed_motion,22,333.08300000000003
high_speed_delayed_motion,23,338.166
high_speed_delayed_motion,24,347.33300000000003
high_speed_delayed_motion,25,352.416
high_speed_delayed_motion,26,377.125
high_speed_delayed_motion,27,362
high_speed_delayed_motion,28,337.79199999999997
high_speed_delayed_motion,29,387.875
high_speed_delayed_motion,30,348.875
high_speed_delayed_motion,31,362
high_speed_delayed_motion,32,367.375
high_speed_delayed_motion,33,379.041
high_speed_delayed_motion,34,383.58300000000003
high_speed_delayed_motion,35,375.83300000000003
high_speed_delayed_motion,36,360
high_speed_delayed_motion,37,390.375
high_speed_delayed_motion,38,401.54199999999997
high_speed_delayed_motion,39,402.375
high_speed_delayed_motion,40,407.91699999999997
high_speed_delayed_motion,41,387.33300000000003
high_speed_delayed_motion,42,411.375
high_speed_delayed_motion,43,403.16699999999997
high_speed_delayed_motion,44,417.834
high_speed_delayed_motion,45,429.125
high_speed_delayed_motion,46,408.79199999999997
high_speed_delayed_motion,47,465
high_speed_delayed_motion,48,431.83300000000003
high_speed_delayed_motion,49,437.20800000000003
high_speed_delayed_motion,50,433.084
high_speed_delayed_motion,51,439.834
high_speed_delayed_motion,52,430.04199999999997
high_speed_delayed_motion,53,479.75
high_speed_delayed_motion,54,436.66699999999997
high_speed_delayed_motion,55,460.58300000000003
high_speed_delayed_motion,56,436.70800000000003
high_speed_delayed_motion,57,442.75
high_speed_delayed_motion,58,444.875
high_speed_delayed_motion,59,492.70800000000003
high_speed_delayed_motion,60,469.29199999999997
high_speed_delayed_motion,61,456.334
high_speed_delayed_motion,62,464.20800000000003
high_speed_delayed_motion,63,473.25
high_speed_delayed_motion,64,480.33300000000003
high_speed_delayed_motion,65,455.70800000000003
high_speed_delayed_motion,66,467.04199999999997
high_speed_delayed_motion,67,477.25
high_speed_delayed_motion,68,460.834
high_speed_delayed_motion,69,464.709
high_speed_delayed_motion,70,538.66700000000003
high_speed_delayed_motion,71,510.666
high_speed_delayed_motion,72,510.375
high_speed_delayed_motion,73,504.70800000000003
high_speed_delayed_motion,74,500.5
high_speed_delayed_motion,75,512.66600000000005
high_speed_delayed_motion,76,538.75
high_speed_delayed_motion,77,499.625
high_speed_delayed_motion,78,536.41700000000003
high_speed_delayed_motion,79,542.58299999999997
high_speed_delayed_motion,80,535.25
high_speed_delayed_motion,81,532.75
high_speed_delayed_motion,82,524.75
high_speed_delayed_motion,83,544.66700000000003
high_speed_delayed_motion,84,544.08299999999997
high_speed_delayed_motion,85,557.54100000000005
high_speed_delayed_motion,86,516.66700000000003
high_speed_delayed_motion,87,545.83299999999997
high_speed_delayed_motion,88,563.5
high_speed_delayed_motion,89,559.58299999999997
high_speed_delayed_motion,90,547.16700000000003
high_speed_delayed_motion,91,546.54100000000005
high_speed_delayed_motion,92,533.33399999999995
high_speed_delayed_motion,93,564.79200000000003
high_speed_delayed_motion,94,582.45899999999995
high_speed_delayed_motion,95,585.04200000000003
high_speed_delayed_motion,96,582.95799999999997
high_speed_delayed_motion,97,583.45799999999997
high_speed_delayed_motion,98,603.79200000000003
high_speed_delayed_motion,99,588.95799999999997
high_speed_delayed_motion,100,589.875
high_speed_delayed_motion,101,566.79200000000003
high_speed_delayed_motion,102,615.58299999999997
high_speed_delayed_motion,103,604.58299999999997
high_speed_delayed_motion,104,596.29200000000003
high_speed_delayed_motion,105,599.08299999999997
high_speed_delayed_motion,106,645.29200000000003
high_speed_delayed_motion,107,626.70799999999997
high_speed_delayed_motion,108,603.95799999999997
high_speed_delayed_motion,109,620.91600000000005
high_speed_delayed_motion,110,644.125
high_speed_delayed_motion,111,624.5
high_speed_delayed_motion,112,657.45799999999997
high_speed_delayed_motion,113,628.625
high_speed_delayed_motion,114,615.04100000000005
high_speed_delayed_motion,115,590.41700000000003
high_speed_delayed_motion,116,595.75
high_speed_delayed_motion,117,637.79200000000003
high_speed_delayed_motion,118,652.5
high_speed_delayed_motion,119,681.25
high_speed_delayed_motion,120,643.875
high_speed_delayed_motion,121,687.625
high_speed_delayed_motion,122,695.75
high_speed_delayed_motion,123,659.54200000000003
high_speed_delayed_motion,124,652.75
high_speed_delayed_motion,125,647.20799999999997
high_speed_delayed_motion,126,625.70799999999997
high_speed_delayed_motion,127,688.83399999999995
high_speed_delayed_motion,128,689.83399999999995
high_speed_delayed_motion,129,700.04200000000003
high_speed_delayed_motion,130,681.70899999999995
high_speed_delayed_motion,131,721.66700000000003
high_speed_delayed_motion,132,689.29200000000003
high_speed_delayed_motion,133,684.54200000000003
high_speed_delayed_motion,134,697.79200000000003
high_speed_delayed_motion,135,684.29200000000003
high_speed_delayed_motion,136,678.75
high_speed_delayed_motion,137,690.29100000000005
high_speed_delayed_motion,138,692.875
high_speed_delayed_motion,139,667.29200000000003
high_speed_delayed_motion,140,739.25
high_speed_delayed_motion,141,740.20899999999995
high_speed_delayed_motion,142,740.875
high_speed_delayed_motion,143,763.875
high_speed_delayed_motion,144,745.33299999999997
high_speed_delayed_motion,145,766.08299999999997
high_speed_delayed_motion,146,745.625
high_speed_delayed_motion,147,747.5
high_speed_delayed_motion,148,731.125
high_speed_delayed_motion,149,762.04200000000003
high_speed_delayed_motion,150,764.16700000000003
high_speed_delayed_motion,151,776.33399999999995
high_speed_delayed_motion,152,766.58299999999997
high_speed_delayed_motion,153,767.875
high_speed_delayed_motion,154,789
high_speed_delayed_motion,155,791.20799999999997
high_speed_delayed_motion,156,787.875
high_speed_delayed_motion,157,764.54200000000003
high_speed_delayed_motion,158,743.20799999999997
high_speed_delayed_motion,159,799.25
high_speed_delayed_motion,160,792.66700000000003
high_speed_delayed_motion,161,790.875
high_speed_delayed_motion,162,782.29200000000003
high_speed_delayed_motion,163,828.70899999999995
high_speed_delayed_motion,164,836.83299999999997
high_speed_delayed_motion,165,846.25
high_speed_delayed_motion,166,811.04200000000003
high_speed_delayed_motion,167,802.625
high_speed_delayed_motion,168,823.70799999999997
high_speed_delayed_motion,169,823.625
high_speed_delayed_motion,170,805.625
high_speed_delayed_motion,171,844.625
high_speed_delayed_motion,172,843.29200000000003
high_speed_delayed_motion,173,825.79100000000005
high_speed_delayed_motion,174,854
high_speed_delayed_motion,175,826.125
high_speed_delayed_motion,176,836.66600000000005
high_speed_delayed_motion,177,829.45899999999995
high_speed_delayed_motion,178,745.25
high_speed_delayed_motion,179,709.375
high_speed_delayed_motion,180,726.33299999999997
high_speed_delayed_motion,181,879.79200000000003
high_speed_delayed_motion,182,890.79100000000005
high_speed_delayed_motion,183,878.25
high_speed_delayed_motion,184,866.41700000000003
high_speed_delayed_motion,185,898.45799999999997
high_speed_delayed_motion,186,873.04200000000003
high_speed_delayed_motion,187,920.83399999999995
high_speed_delayed_motion,188,868.125
high_speed_delayed_motion,189,929.54200000000003
high_speed_delayed_motion,190,921.95799999999997
high_speed_delayed_motion,191,931.95799999999997
high_speed_delayed_motion,192,902.375
high_speed_delayed_motion,193,919.95799999999997
high_speed_delayed_motion,194,903.125
high_speed_delayed_motion,195,920.08399999999995
high_speed_delayed_motion,196,906.95799999999997
high_speed_delayed_motion,197,913.58299999999997
high_speed_delayed_motion,198,933.70799999999997
high_speed_delayed_motion,199,915
