N,iteration,latency_us,serialized_certificate_bytes
3,0,141.042,2563
3,1,138.417,2563
3,2,138.792,2563
3,3,143.25,2563
3,4,139.291,2563
3,5,138.917,2563
3,6,139.083,2563
3,7,142.25,2563
3,8,143.958,2563
3,9,141.334,2563
3,10,138.708,2563
3,11,138.708,2563
3,12,140.583,2563
3,13,140.042,2563
3,14,136.875,2563
3,15,139.25,2563
3,16,138.291,2563
3,17,139.417,2563
3,18,139.833,2563
3,19,138.334,2563
3,20,139.291,2563
3,21,139.167,2563
3,22,138.167,2563
3,23,139.291,2563
3,24,139.084,2563
3,25,142.834,2563
3,26,140.75,2563
3,27,137.208,2563
3,28,137.75,2563
3,29,138.292,2563
3,30,139.625,2563
3,31,138.542,2563
3,32,139.916,2563
3,33,138.417,2563
3,34,139.166,2563
3,35,139.834,2563
3,36,139.125,2563
3,37,139.625,2563
3,38,138.667,2563
3,39,139.583,2563
3,40,139.042,2563
3,41,141.25,2563
3,42,137.583,2563
3,43,141.208,2563
3,44,138.834,2563
3,45,139.041,2563
3,46,140.417,2563
3,47,139.292,2563
3,48,138.5,2563
3,49,138.667,2563
3,50,138.208,2563
3,51,138.583,2563
3,52,140.292,2563
3,53,139.584,2563
3,54,137.709,2563
3,55,137.292,2563
3,56,140.25,2563
3,57,139.583,2563
3,58,138.417,2563
3,59,138.042,2563
3,60,138.958,2563
3,61,138.833,2563
3,62,138.792,2563
3,63,138.042,2563
3,64,139.666,2563
3,65,138.958,2563
3,66,138.958,2563
3,67,138.75,2563
3,68,138.875,2563
3,69,138.875,2563
3,70,139.459,2563
3,71,142.916,2563
3,72,138,2563
3,73,140.625,2563
3,74,143.041,2563
3,75,140.709,2563
3,76,138.959,2563
3,77,138.291,2563
3,78,138.875,2563
3,79,138.208,2563
3,80,139.083,2563
3,81,138.25,2563
3,82,139.375,2563
3,83,139.458,2563
3,84,139.333,2563
3,85,139.917,2563
3,86,138.5,2563
3,87,139.5,2563
3,88,138.583,2563
3,89,139.333,2563
3,90,139.292,2563
3,91,139.291,2563
3,92,139.125,2563
3,93,138.125,2563
3,94,139.375,2563
3,95,138.75,2563
3,96,139.667,2563
3,97,139.417,2563
3,98,138.417,2563
3,99,138.916,2563
3,100,139.167,2563
3,101,139.333,2563
3,102,138.625,2563
3,103,139.5,2563
3,104,136.917,2563
3,105,139.5,2563
3,106,137.916,2563
3,107,139.792,2563
3,108,137.709,2563
3,109,140,2563
3,110,139.041,2563
3,111,139.417,2563
3,112,138.125,2563
3,113,139,2563
3,114,139.084,2563
3,115,139.041,2563
3,116,137.792,2563
3,117,139.375,2563
3,118,139.75,2563
3,119,139.042,2563
3,120,138.5,2563
3,121,138.75,2563
3,122,138.584,2563
3,123,138.375,2563
3,124,139.25,2563
3,125,138.125,2563
3,126,138.167,2563
3,127,139.583,2563
3,128,138.667,2563
3,129,137.584,2563
3,130,138.167,2563
3,131,138,2563
3,132,139.5,2563
3,133,138.666,2563
3,134,138.334,2563
3,135,138.375,2563
3,136,138.375,2563
3,137,143.083,2563
3,138,139.583,2563
3,139,140.375,2563
3,140,139.542,2563
3,141,140.291,2563
3,142,138.959,2563
3,143,139.666,2563
3,144,140.042,2563
3,145,138.833,2563
3,146,138.917,2563
3,147,138.166,2563
3,148,138.375,2563
3,149,137.916,2563
3,150,138.834,2563
3,151,138.292,2563
3,152,137.75,2563
3,153,139.292,2563
3,154,138.708,2563
3,155,139.75,2563
3,156,138.25,2563
3,157,138.333,2563
3,158,138.417,2563
3,159,139.625,2563
3,160,138.75,2563
3,161,138.959,2563
3,162,137.584,2563
3,163,139.125,2563
3,164,139.208,2563
3,165,139.458,2563
3,166,139.292,2563
3,167,139.125,2563
3,168,137.792,2563
3,169,139.375,2563
3,170,139.208,2563
3,171,139.125,2563
3,172,139.042,2563
3,173,138.041,2563
3,174,138.583,2563
3,175,139.125,2563
3,176,137.542,2563
3,177,139.667,2563
3,178,138.208,2563
3,179,138.958,2563
3,180,138.375,2563
3,181,138.084,2563
3,182,138.791,2563
3,183,138.792,2563
3,184,138.75,2563
3,185,139.833,2563
3,186,140.583,2563
3,187,147.292,2563
3,188,139.541,2563
3,189,140.167,2563
3,190,138.833,2563
3,191,138.583,2563
3,192,137.334,2563
3,193,139.042,2563
3,194,139.542,2563
3,195,138.584,2563
3,196,137.5,2563
3,197,138.417,2563
3,198,139.208,2563
3,199,138.25,2563
3,200,138.458,2563
3,201,139.792,2563
3,202,137.166,2563
3,203,139.459,2563
3,204,139.916,2563
3,205,140.292,2563
3,206,138.042,2563
3,207,139.125,2563
3,208,140.041,2563
3,209,141.292,2563
3,210,139.833,2563
3,211,138.083,2563
3,212,139.292,2563
3,213,139.708,2563
3,214,138.292,2563
3,215,137.916,2563
3,216,138,2563
3,217,139.75,2563
3,218,139.5,2563
3,219,137.917,2563
3,220,138.541,2563
3,221,137.584,2563
3,222,138.75,2563
3,223,138.584,2563
3,224,139.792,2563
3,225,137.083,2563
3,226,139.25,2563
3,227,139.375,2563
3,228,139,2563
3,229,138.25,2563
3,230,138.584,2563
3,231,139.041,2563
3,232,140.042,2563
3,233,138.625,2563
3,234,139.167,2563
3,235,138.916,2563
3,236,138.75,2563
3,237,138.917,2563
3,238,140.166,2563
3,239,138.25,2563
3,240,139.834,2563
3,241,138.5,2563
3,242,140,2563
3,243,140.25,2563
3,244,152.041,2563
3,245,139.875,2563
3,246,146.75,2563
3,247,137.417,2563
3,248,139.916,2563
3,249,138.709,2563
3,250,139.041,2563
3,251,137.959,2563
3,252,137.833,2563
3,253,138.833,2563
3,254,139.75,2563
3,255,137.958,2563
3,256,138.167,2563
3,257,139.292,2563
3,258,137.708,2563
3,259,138.333,2563
3,260,139.042,2563
3,261,139.625,2563
3,262,139.417,2563
3,263,139.041,2563
3,264,138.042,2563
3,265,137.792,2563
3,266,139.583,2563
3,267,138.292,2563
3,268,139.416,2563
3,269,138.209,2563
3,270,138.208,2563
3,271,137.667,2563
3,272,140.583,2563
3,273,138.166,2563
3,274,140,2563
3,275,139.125,2563
3,276,138.208,2563
3,277,138.125,2563
3,278,139.375,2563
3,279,139,2563
3,280,143.084,2563
3,281,137.75,2563
3,282,138.209,2563
3,283,146.042,2563
3,284,139.958,2563
3,285,139.084,2563
3,286,139.458,2563
3,287,143.375,2563
3,288,139.042,2563
3,289,141.834,2563
3,290,139.584,2563
3,291,139.583,2563
3,292,140.625,2563
3,293,138.916,2563
3,294,138.25,2563
3,295,138.5,2563
3,296,138,2563
3,297,138.417,2563
3,298,139.667,2563
3,299,138.791,2563
3,300,138.5,2563
3,301,138.5,2563
3,302,138.542,2563
3,303,138.375,2563
3,304,138.958,2563
3,305,138.917,2563
3,306,139,2563
3,307,139.125,2563
3,308,137.583,2563
3,309,138.417,2563
3,310,139,2563
3,311,139.125,2563
3,312,138.5,2563
3,313,137.5,2563
3,314,138.875,2563
3,315,138.875,2563
3,316,140.583,2563
3,317,139,2563
3,318,138.792,2563
3,319,140.375,2563
3,320,138.5,2563
3,321,138.458,2563
3,322,138.167,2563
3,323,138.916,2563
3,324,139.792,2563
3,325,139.375,2563
3,326,138.5,2563
3,327,137.459,2563
3,328,137.75,2563
3,329,138.459,2563
3,330,138.416,2563
3,331,139.042,2563
3,332,139.958,2563
3,333,137.75,2563
3,334,138.75,2563
3,335,138.958,2563
3,336,139.667,2563
3,337,137.125,2563
3,338,140,2563
3,339,140.166,2563
3,340,138.75,2563
3,341,139.75,2563
3,342,139.5,2563
3,343,145.209,2563
3,344,138.958,2563
3,345,139.125,2563
3,346,138.625,2563
3,347,138.083,2563
3,348,137.708,2563
3,349,140,2563
3,350,137.792,2563
3,351,136.583,2563
3,352,143.625,2563
3,353,138.125,2563
3,354,138.625,2563
3,355,138.541,2563
3,356,138.167,2563
3,357,139.625,2563
3,358,138.208,2563
3,359,138.792,2563
3,360,138,2563
3,361,137.541,2563
3,362,138.667,2563
3,363,138.708,2563
3,364,136.875,2563
3,365,138.167,2563
3,366,138.833,2563
3,367,140.417,2563
3,368,139.291,2563
3,369,137.625,2563
3,370,139.667,2563
3,371,139.125,2563
3,372,140.541,2563
3,373,139.459,2563
3,374,138.833,2563
3,375,141.542,2563
3,376,139.291,2563
3,377,137.792,2563
3,378,138.125,2563
3,379,139.875,2563
3,380,139.333,2563
3,381,138.459,2563
3,382,141.708,2563
3,383,140.125,2563
3,384,140.291,2563
3,385,137.625,2563
3,386,139.542,2563
3,387,138.75,2563
3,388,137.625,2563
3,389,138.833,2563
3,390,139.792,2563
3,391,139.167,2563
3,392,143.583,2563
3,393,139.625,2563
3,394,139.042,2563
3,395,138.667,2563
3,396,139.083,2563
3,397,138.042,2563
3,398,139.625,2563
3,399,139.083,2563
3,400,139.458,2563
3,401,138.792,2563
3,402,138.833,2563
3,403,138.25,2563
3,404,138.625,2563
3,405,139.583,2563
3,406,137.542,2563
3,407,139.208,2563
3,408,139.625,2563
3,409,138.375,2563
3,410,139,2563
3,411,139.916,2563
3,412,138.75,2563
3,413,137.834,2563
3,414,138.708,2563
3,415,138.75,2563
3,416,139.75,2563
3,417,139.5,2563
3,418,138.875,2563
3,419,139.125,2563
3,420,138.917,2563
3,421,138.083,2563
3,422,138.916,2563
3,423,137.875,2563
3,424,139.625,2563
3,425,138.417,2563
3,426,135.833,2563
3,427,139.083,2563
3,428,138.875,2563
3,429,138.875,2563
3,430,138.375,2563
3,431,138.708,2563
3,432,139.917,2563
3,433,139.917,2563
3,434,140.333,2563
3,435,138.084,2563
3,436,139.792,2563
3,437,139,2563
3,438,139,2563
3,439,139.333,2563
3,440,139.083,2563
3,441,139.375,2563
3,442,139.584,2563
3,443,139.083,2563
3,444,139.917,2563
3,445,139.791,2563
3,446,138,2563
3,447,138.583,2563
3,448,138.292,2563
3,449,138.792,2563
3,450,139.875,2563
3,451,140,2563
3,452,138.916,2563
3,453,140,2563
3,454,138.917,2563
3,455,138.875,2563
3,456,138.208,2563
3,457,139.083,2563
3,458,139.417,2563
3,459,139.166,2563
3,460,146.917,2563
3,461,139.042,2563
3,462,139.583,2563
3,463,138.5,2563
3,464,138.583,2563
3,465,139.042,2563
3,466,140.042,2563
3,467,140.458,2563
3,468,138.667,2563
3,469,138.625,2563
3,470,137.75,2563
3,471,140.333,2563
3,472,138.333,2563
3,473,139.417,2563
3,474,138.458,2563
3,475,138.459,2563
3,476,139.583,2563
3,477,138.75,2563
3,478,139.458,2563
3,479,138.083,2563
3,480,138.583,2563
3,481,138.208,2563
3,482,139.459,2563
3,483,139.75,2563
3,484,138,2563
3,485,139.291,2563
3,486,138.292,2563
3,487,139.583,2563
3,488,138.792,2563
3,489,139.541,2563
3,490,137.75,2563
3,491,139.5,2563
3,492,140.833,2563
3,493,139.5,2563
3,494,140.042,2563
3,495,149.375,2563
3,496,140.75,2563
3,497,139.166,2563
3,498,138.417,2563
3,499,139.25,2563
3,500,137.25,2563
3,501,138.208,2563
3,502,138.459,2563
3,503,139.041,2563
3,504,141.542,2563
3,505,138.542,2563
3,506,138.25,2563
3,507,138.416,2563
3,508,140.5,2563
3,509,138.25,2563
3,510,137.625,2563
3,511,139.25,2563
3,512,138.875,2563
3,513,139.417,2563
3,514,139.792,2563
3,515,138.625,2563
3,516,138.042,2563
3,517,138.542,2563
3,518,139.209,2563
3,519,139.25,2563
3,520,138.667,2563
3,521,139.333,2563
3,522,139.917,2563
3,523,139.833,2563
3,524,139.042,2563
3,525,138.667,2563
3,526,138.75,2563
3,527,138.833,2563
3,528,138.333,2563
3,529,137.833,2563
3,530,139,2563
3,531,139.708,2563
3,532,138.625,2563
3,533,137.917,2563
3,534,140.541,2563
3,535,146.167,2563
3,536,139.208,2563
3,537,139.75,2563
3,538,139.25,2563
3,539,138.834,2563
3,540,139.333,2563
3,541,139.625,2563
3,542,139.458,2563
3,543,138.584,2563
3,544,138.208,2563
3,545,138.875,2563
3,546,139.083,2563
3,547,138.542,2563
3,548,139.083,2563
3,549,137.917,2563
3,550,140.625,2563
3,551,138.958,2563
3,552,138.458,2563
3,553,141.5,2563
3,554,139.209,2563
3,555,138.167,2563
3,556,138.5,2563
3,557,138.708,2563
3,558,140,2563
3,559,139.5,2563
3,560,138.5,2563
3,561,137.708,2563
3,562,139.375,2563
3,563,138.583,2563
3,564,139.459,2563
3,565,138.541,2563
3,566,138.917,2563
3,567,140.542,2563
3,568,139.041,2563
3,569,137.708,2563
3,570,139.292,2563
3,571,138.708,2563
3,572,139,2563
3,573,139,2563
3,574,139.75,2563
3,575,138.667,2563
3,576,137.583,2563
3,577,138.375,2563
3,578,138.25,2563
3,579,138.25,2563
3,580,138.875,2563
3,581,140.875,2563
3,582,140.125,2563
3,583,139.875,2563
3,584,138,2563
3,585,139.459,2563
3,586,139.208,2563
3,587,140.417,2563
3,588,139.458,2563
3,589,140.333,2563
3,590,137.333,2563
3,591,138.125,2563
3,592,137.667,2563
3,593,138.042,2563
3,594,139.125,2563
3,595,138.125,2563
3,596,139.5,2563
3,597,138.875,2563
3,598,138.875,2563
3,599,138.166,2563
3,600,138.167,2563
3,601,138.666,2563
3,602,137.292,2563
3,603,137.708,2563
3,604,138.292,2563
3,605,137.917,2563
3,606,138.208,2563
3,607,138.417,2563
3,608,139.458,2563
3,609,138.625,2563
3,610,139.917,2563
3,611,139.083,2563
3,612,138.708,2563
3,613,138.083,2563
3,614,139.125,2563
3,615,138.584,2563
3,616,138.75,2563
3,617,138.833,2563
3,618,139.583,2563
3,619,139.917,2563
3,620,140.125,2563
3,621,137.916,2563
3,622,139.333,2563
3,623,140.042,2563
3,624,138.083,2563
3,625,138.5,2563
3,626,138.375,2563
3,627,138.333,2563
3,628,137.917,2563
3,629,138.417,2563
3,630,138.541,2563
3,631,139.084,2563
3,632,138.25,2563
3,633,138.25,2563
3,634,138.708,2563
3,635,139.542,2563
3,636,138.75,2563
3,637,138.834,2563
3,638,139.541,2563
3,639,142,2563
3,640,137.125,2563
3,641,138.959,2563
3,642,138.291,2563
3,643,137.625,2563
3,644,138.167,2563
3,645,139.083,2563
3,646,138.25,2563
3,647,139.125,2563
3,648,139.667,2563
3,649,138.666,2563
3,650,138.792,2563
3,651,138.416,2563
3,652,138.334,2563
3,653,139.5,2563
3,654,138.666,2563
3,655,139.25,2563
3,656,138.125,2563
3,657,138.125,2563
3,658,139.5,2563
3,659,137.792,2563
3,660,137.208,2563
3,661,138.958,2563
3,662,139.083,2563
3,663,139.042,2563
3,664,138.583,2563
3,665,138.292,2563
3,666,146.5,2563
3,667,139.166,2563
3,668,144.375,2563
3,669,138.917,2563
3,670,137.833,2563
3,671,138.917,2563
3,672,138.916,2563
3,673,138.375,2563
3,674,138.292,2563
3,675,138.208,2563
3,676,138.083,2563
3,677,137.5,2563
3,678,139.958,2563
3,679,138.959,2563
3,680,139.375,2563
3,681,137.958,2563
3,682,138.25,2563
3,683,138.542,2563
3,684,138.125,2563
3,685,138.958,2563
3,686,139.375,2563
3,687,137.875,2563
3,688,137.333,2563
3,689,139,2563
3,690,138.834,2563
3,691,139.209,2563
3,692,138.125,2563
3,693,139.25,2563
3,694,139.333,2563
3,695,138.792,2563
3,696,140.041,2563
3,697,139.167,2563
3,698,138.5,2563
3,699,138.25,2563
3,700,138.708,2563
3,701,138.917,2563
3,702,138.125,2563
3,703,138.75,2563
3,704,138.625,2563
3,705,139.542,2563
3,706,138,2563
3,707,136.958,2563
3,708,140.417,2563
3,709,137.042,2563
3,710,138.291,2563
3,711,140.417,2563
3,712,138.875,2563
3,713,138,2563
3,714,138.916,2563
3,715,139.709,2563
3,716,139.416,2563
3,717,137.667,2563
3,718,138.292,2563
3,719,138.25,2563
3,720,138.125,2563
3,721,138.917,2563
3,722,137.291,2563
3,723,138.834,2563
3,724,139.041,2563
3,725,143.792,2563
3,726,139.833,2563
3,727,160.125,2563
3,728,139.167,2563
3,729,138.625,2563
3,730,148.75,2563
3,731,139.542,2563
3,732,138.833,2563
3,733,138.292,2563
3,734,138.916,2563
3,735,138.292,2563
3,736,139.75,2563
3,737,137.875,2563
3,738,139.208,2563
3,739,139.792,2563
3,740,140.25,2563
3,741,140.166,2563
3,742,139.792,2563
3,743,138.25,2563
3,744,138.041,2563
3,745,137.709,2563
3,746,138.75,2563
3,747,140.25,2563
3,748,138.458,2563
3,749,139.833,2563
3,750,138.584,2563
3,751,140.083,2563
3,752,139,2563
3,753,139.042,2563
3,754,139.083,2563
3,755,136.667,2563
3,756,139.458,2563
3,757,138.292,2563
3,758,138.791,2563
3,759,138.584,2563
3,760,137.667,2563
3,761,138.5,2563
3,762,138.583,2563
3,763,138.792,2563
3,764,138.458,2563
3,765,137.792,2563
3,766,139.875,2563
3,767,136.916,2563
3,768,141.125,2563
3,769,138.833,2563
3,770,139.5,2563
3,771,138.875,2563
3,772,138.083,2563
3,773,140.167,2563
3,774,138.667,2563
3,775,138.708,2563
3,776,140,2563
3,777,139.792,2563
3,778,139.041,2563
3,779,138.25,2563
3,780,139.083,2563
3,781,139.417,2563
3,782,140.166,2563
3,783,144.125,2563
3,784,140.792,2563
3,785,139.292,2563
3,786,138.625,2563
3,787,138.291,2563
3,788,138.375,2563
3,789,138.542,2563
3,790,138.416,2563
3,791,138.958,2563
3,792,137.584,2563
3,793,138.875,2563
3,794,138.791,2563
3,795,138.584,2563
3,796,139.291,2563
3,797,139.917,2563
3,798,138.708,2563
3,799,139.459,2563
3,800,138.375,2563
3,801,137.167,2563
3,802,139.333,2563
3,803,138.792,2563
3,804,137.958,2563
3,805,139.167,2563
3,806,138.541,2563
3,807,138.292,2563
3,808,139.292,2563
3,809,138.458,2563
3,810,138.958,2563
3,811,138.084,2563
3,812,138,2563
3,813,138.334,2563
3,814,139.917,2563
3,815,139.917,2563
3,816,138.916,2563
3,817,139,2563
3,818,140.292,2563
3,819,136.458,2563
3,820,138.792,2563
3,821,140.041,2563
3,822,144.542,2563
3,823,139.833,2563
3,824,138.083,2563
3,825,139.833,2563
3,826,137.583,2563
3,827,139.5,2563
3,828,139.167,2563
3,829,139.208,2563
3,830,138.417,2563
3,831,139.375,2563
3,832,139.958,2563
3,833,139.875,2563
3,834,137.833,2563
3,835,138.125,2563
3,836,138.584,2563
3,837,138.125,2563
3,838,137.375,2563
3,839,139.375,2563
3,840,138.459,2563
3,841,138.541,2563
3,842,139.584,2563
3,843,138.833,2563
3,844,138.083,2563
3,845,139.833,2563
3,846,138.667,2563
3,847,138.458,2563
3,848,138.666,2563
3,849,137,2563
3,850,139.208,2563
3,851,140.75,2563
3,852,139.125,2563
3,853,138.333,2563
3,854,139.208,2563
3,855,144,2563
3,856,138.917,2563
3,857,138.458,2563
3,858,139.625,2563
3,859,139.458,2563
3,860,138.625,2563
3,861,137.875,2563
3,862,138.5,2563
3,863,137.958,2563
3,864,139.125,2563
3,865,138.958,2563
3,866,139,2563
3,867,138.666,2563
3,868,139.792,2563
3,869,137.625,2563
3,870,138.833,2563
3,871,137.541,2563
3,872,138.917,2563
3,873,138.417,2563
3,874,139.208,2563
3,875,137.667,2563
3,876,139,2563
3,877,138.333,2563
3,878,138.75,2563
3,879,138.166,2563
3,880,137.625,2563
3,881,139,2563
3,882,140.041,2563
3,883,137.334,2563
3,884,140.333,2563
3,885,138.667,2563
3,886,137.875,2563
3,887,138.75,2563
3,888,138.25,2563
3,889,140.042,2563
3,890,139.916,2563
3,891,139.792,2563
3,892,139.125,2563
3,893,138.667,2563
3,894,138.167,2563
3,895,139.25,2563
3,896,139,2563
3,897,138.417,2563
3,898,138.916,2563
3,899,137.584,2563
3,900,137.625,2563
3,901,138.375,2563
3,902,138.125,2563
3,903,139.5,2563
3,904,138.042,2563
3,905,137.542,2563
3,906,139.625,2563
3,907,138.166,2563
3,908,139.125,2563
3,909,139.417,2563
3,910,139.5,2563
3,911,140.292,2563
3,912,139.5,2563
3,913,139.542,2563
3,914,139.541,2563
3,915,138.334,2563
3,916,139.5,2563
3,917,139.292,2563
3,918,138.458,2563
3,919,139.167,2563
3,920,140.167,2563
3,921,139.333,2563
3,922,137.25,2563
3,923,138.75,2563
3,924,138,2563
3,925,139.709,2563
3,926,142.125,2563
3,927,140.042,2563
3,928,138.75,2563
3,929,139.834,2563
3,930,139.708,2563
3,931,139.042,2563
3,932,140.666,2563
3,933,138.417,2563
3,934,138.708,2563
3,935,138.792,2563
3,936,140.083,2563
3,937,139.667,2563
3,938,139.416,2563
3,939,140.583,2563
3,940,138.584,2563
3,941,140.583,2563
3,942,138,2563
3,943,138.583,2563
3,944,139.958,2563
3,945,139.667,2563
3,946,138.708,2563
3,947,139.041,2563
3,948,138.417,2563
3,949,139.917,2563
3,950,138.833,2563
3,951,138.5,2563
3,952,138.833,2563
3,953,138.292,2563
3,954,139.333,2563
3,955,139.5,2563
3,956,137.75,2563
3,957,139.041,2563
3,958,139.292,2563
3,959,139.167,2563
3,960,139.5,2563
3,961,138.625,2563
3,962,138.375,2563
3,963,138.583,2563
3,964,137.625,2563
3,965,139.583,2563
3,966,138.666,2563
3,967,138.667,2563
3,968,138.541,2563
3,969,137.167,2563
3,970,139.167,2563
3,971,139.458,2563
3,972,139.208,2563
3,973,140.542,2563
3,974,138.916,2563
3,975,140.709,2563
3,976,139.75,2563
3,977,138.541,2563
3,978,139,2563
3,979,138.583,2563
3,980,137.709,2563
3,981,138.916,2563
3,982,138.5,2563
3,983,138.875,2563
3,984,137.5,2563
3,985,138.833,2563
3,986,139.167,2563
3,987,138.708,2563
3,988,139.584,2563
3,989,138.708,2563
3,990,138,2563
3,991,138.458,2563
3,992,139.167,2563
3,993,138.708,2563
3,994,138.667,2563
3,995,138.292,2563
3,996,139.292,2563
3,997,138.667,2563
3,998,144,2563
3,999,140.167,2563
5,0,219.75,4040
5,1,219.583,4040
5,2,219.917,4040
5,3,221.958,4040
5,4,221.125,4040
5,5,220.666,4040
5,6,221.084,4040
5,7,220.75,4040
5,8,221.542,4040
5,9,218.917,4040
5,10,222.416,4040
5,11,219.5,4040
5,12,219.584,4040
5,13,223.5,4040
5,14,221.25,4040
5,15,221.833,4040
5,16,221.583,4040
5,17,219.208,4040
5,18,221.167,4040
5,19,221.041,4040
5,20,222.542,4040
5,21,221.125,4040
5,22,219.25,4040
5,23,221.542,4040
5,24,219.583,4040
5,25,221.083,4040
5,26,222.459,4040
5,27,226.666,4040
5,28,225.583,4040
5,29,233.667,4040
5,30,226.416,4040
5,31,220.125,4040
5,32,222.292,4040
5,33,220,4040
5,34,226.625,4040
5,35,220.917,4040
5,36,221.833,4040
5,37,220.792,4040
5,38,220.125,4040
5,39,219.833,4040
5,40,220.667,4040
5,41,220.333,4040
5,42,220.709,4040
5,43,221.791,4040
5,44,219.959,4040
5,45,221.458,4040
5,46,218.833,4040
5,47,220.375,4040
5,48,222.292,4040
5,49,220.5,4040
5,50,220.917,4040
5,51,221.708,4040
5,52,220.917,4040
5,53,220.167,4040
5,54,219.083,4040
5,55,219.917,4040
5,56,220.208,4040
5,57,222.042,4040
5,58,220.916,4040
5,59,222.25,4040
5,60,219.584,4040
5,61,220.708,4040
5,62,220.833,4040
5,63,221.084,4040
5,64,221.041,4040
5,65,218.625,4040
5,66,221.75,4040
5,67,219.541,4040
5,68,221.042,4040
5,69,221.042,4040
5,70,219.708,4040
5,71,219.833,4040
5,72,218.875,4040
5,73,220.584,4040
5,74,222.5,4040
5,75,221.333,4040
5,76,219.709,4040
5,77,220.333,4040
5,78,218.625,4040
5,79,225.709,4040
5,80,219.125,4040
5,81,221.125,4040
5,82,222.416,4040
5,83,221.75,4040
5,84,221.291,4040
5,85,220,4040
5,86,221.792,4040
5,87,220.542,4040
5,88,228.791,4040
5,89,222.084,4040
5,90,219.916,4040
5,91,220.292,4040
5,92,220,4040
5,93,220.584,4040
5,94,222,4040
5,95,222.208,4040
5,96,222.25,4040
5,97,220.75,4040
5,98,221.25,4040
5,99,219.375,4040
5,100,220.958,4040
5,101,222,4040
5,102,220.167,4040
5,103,219.542,4040
5,104,219.291,4040
5,105,221.375,4040
5,106,219.709,4040
5,107,221.458,4040
5,108,221.167,4040
5,109,219.625,4040
5,110,222.791,4040
5,111,221.959,4040
5,112,219.208,4040
5,113,221.167,4040
5,114,219.625,4040
5,115,220.458,4040
5,116,219.958,4040
5,117,240.25,4040
5,118,221.333,4040
5,119,220.667,4040
5,120,221.792,4040
5,121,221.083,4040
5,122,221.084,4040
5,123,221.25,4040
5,124,224.916,4040
5,125,220.334,4040
5,126,222.791,4040
5,127,221.125,4040
5,128,221.334,4040
5,129,220.416,4040
5,130,221.084,4040
5,131,221.416,4040
5,132,219.834,4040
5,133,221.458,4040
5,134,221.292,4040
5,135,221.541,4040
5,136,219.584,4040
5,137,220.208,4040
5,138,219.292,4040
5,139,220.75,4040
5,140,220.459,4040
5,141,219.375,4040
5,142,219.75,4040
5,143,221.208,4040
5,144,221.5,4040
5,145,220.917,4040
5,146,220.666,4040
5,147,221.25,4040
5,148,220.375,4040
5,149,225.875,4040
5,150,223.708,4040
5,151,222.417,4040
5,152,222.042,4040
5,153,221.583,4040
5,154,220.667,4040
5,155,218.416,4040
5,156,220.625,4040
5,157,220.959,4040
5,158,220.916,4040
5,159,220.916,4040
5,160,221.584,4040
5,161,221.75,4040
5,162,227.5,4040
5,163,221,4040
5,164,219.375,4040
5,165,220.625,4040
5,166,227.459,4040
5,167,226.916,4040
5,168,221.833,4040
5,169,225.209,4040
5,170,220.375,4040
5,171,220.667,4040
5,172,222.208,4040
5,173,222.583,4040
5,174,220.792,4040
5,175,219.417,4040
5,176,221.917,4040
5,177,221.291,4040
5,178,220.334,4040
5,179,221.792,4040
5,180,219.75,4040
5,181,219.542,4040
5,182,222.25,4040
5,183,219.666,4040
5,184,220.666,4040
5,185,221.333,4040
5,186,224.792,4040
5,187,220.667,4040
5,188,218.25,4040
5,189,219.5,4040
5,190,220.083,4040
5,191,222.875,4040
5,192,219.833,4040
5,193,221.25,4040
5,194,221.5,4040
5,195,220.125,4040
5,196,219.916,4040
5,197,219.584,4040
5,198,219.416,4040
5,199,220.709,4040
5,200,222.75,4040
5,201,221.375,4040
5,202,220.458,4040
5,203,219.834,4040
5,204,219.458,4040
5,205,220.583,4040
5,206,219.625,4040
5,207,220.542,4040
5,208,220,4040
5,209,222.417,4040
5,210,220.458,4040
5,211,221.625,4040
5,212,221.25,4040
5,213,220,4040
5,214,222.917,4040
5,215,222.042,4040
5,216,219.375,4040
5,217,220.125,4040
5,218,218.875,4040
5,219,220.458,4040
5,220,223.292,4040
5,221,222.958,4040
5,222,220.917,4040
5,223,219.083,4040
5,224,222.75,4040
5,225,222,4040
5,226,220.292,4040
5,227,220.542,4040
5,228,220.375,4040
5,229,224.333,4040
5,230,220.667,4040
5,231,218.625,4040
5,232,218.25,4040
5,233,219.708,4040
5,234,221.292,4040
5,235,220.167,4040
5,236,220.5,4040
5,237,220.458,4040
5,238,220.875,4040
5,239,229.959,4040
5,240,221.666,4040
5,241,220.958,4040
5,242,220.542,4040
5,243,221.25,4040
5,244,222.75,4040
5,245,219.75,4040
5,246,220.125,4040
5,247,220.875,4040
5,248,221.958,4040
5,249,221.458,4040
5,250,221.833,4040
5,251,220.292,4040
5,252,220.958,4040
5,253,219.708,4040
5,254,219.584,4040
5,255,220.166,4040
5,256,221.417,4040
5,257,222.833,4040
5,258,221.5,4040
5,259,219.584,4040
5,260,224.625,4040
5,261,222.833,4040
5,262,221.292,4040
5,263,222.458,4040
5,264,220.709,4040
5,265,220.5,4040
5,266,221.125,4040
5,267,221.25,4040
5,268,219.375,4040
5,269,220.541,4040
5,270,220.5,4040
5,271,218.542,4040
5,272,220.292,4040
5,273,220,4040
5,274,219.916,4040
5,275,225.875,4040
5,276,221.334,4040
5,277,223.208,4040
5,278,219.959,4040
5,279,220.708,4040
5,280,220.375,4040
5,281,221.625,4040
5,282,219.833,4040
5,283,220.958,4040
5,284,220.5,4040
5,285,221,4040
5,286,221.5,4040
5,287,218.959,4040
5,288,220.125,4040
5,289,219.459,4040
5,290,221.583,4040
5,291,221.708,4040
5,292,221.917,4040
5,293,220.375,4040
5,294,221.042,4040
5,295,221.292,4040
5,296,220.916,4040
5,297,220.166,4040
5,298,220.625,4040
5,299,222.166,4040
5,300,222.333,4040
5,301,220,4040
5,302,222.042,4040
5,303,221.75,4040
5,304,221.583,4040
5,305,221.875,4040
5,306,220.458,4040
5,307,220.292,4040
5,308,221.25,4040
5,309,221.5,4040
5,310,219.084,4040
5,311,221.416,4040
5,312,221.125,4040
5,313,220.667,4040
5,314,221.083,4040
5,315,219.458,4040
5,316,221.833,4040
5,317,220.583,4040
5,318,221.167,4040
5,319,220.458,4040
5,320,219.708,4040
5,321,219.833,4040
5,322,219.334,4040
5,323,220.208,4040
5,324,220.417,4040
5,325,220.666,4040
5,326,220.292,4040
5,327,220.417,4040
5,328,220.125,4040
5,329,231.125,4040
5,330,222.084,4040
5,331,233.125,4040
5,332,219.75,4040
5,333,221.541,4040
5,334,218.625,4040
5,335,221.459,4040
5,336,221.083,4040
5,337,220.833,4040
5,338,222.125,4040
5,339,220.459,4040
5,340,219.875,4040
5,341,218.583,4040
5,342,219.917,4040
5,343,220.583,4040
5,344,220.917,4040
5,345,220.541,4040
5,346,218.542,4040
5,347,220.25,4040
5,348,220.083,4040
5,349,219.75,4040
5,350,225.167,4040
5,351,222.208,4040
5,352,218.792,4040
5,353,220.916,4040
5,354,218.625,4040
5,355,222,4040
5,356,221.375,4040
5,357,222.125,4040
5,358,220.041,4040
5,359,221.875,4040
5,360,221.041,4040
5,361,220.75,4040
5,362,219.584,4040
5,363,221.041,4040
5,364,220.375,4040
5,365,221.25,4040
5,366,221.708,4040
5,367,221.542,4040
5,368,219.666,4040
5,369,220.209,4040
5,370,223.791,4040
5,371,219.625,4040
5,372,222.291,4040
5,373,221.084,4040
5,374,223.375,4040
5,375,219.625,4040
5,376,218.542,4040
5,377,221.666,4040
5,378,220.25,4040
5,379,219.625,4040
5,380,220.084,4040
5,381,220.208,4040
5,382,220.75,4040
5,383,220.917,4040
5,384,221.208,4040
5,385,221.625,4040
5,386,220.167,4040
5,387,221.166,4040
5,388,220.417,4040
5,389,228.584,4040
5,390,220.541,4040
5,391,219.625,4040
5,392,220.542,4040
5,393,220.208,4040
5,394,217.959,4040
5,395,225.458,4040
5,396,220.25,4040
5,397,221.583,4040
5,398,220.917,4040
5,399,220.375,4040
5,400,220.458,4040
5,401,219.666,4040
5,402,220.584,4040
5,403,219.958,4040
5,404,220.083,4040
5,405,222.292,4040
5,406,222.417,4040
5,407,221.083,4040
5,408,220.875,4040
5,409,219.125,4040
5,410,221.375,4040
5,411,219.125,4040
5,412,222.584,4040
5,413,223.166,4040
5,414,220.459,4040
5,415,220.083,4040
5,416,221.75,4040
5,417,226.917,4040
5,418,221.041,4040
5,419,221.541,4040
5,420,221.709,4040
5,421,220.541,4040
5,422,219.209,4040
5,423,220.916,4040
5,424,221.125,4040
5,425,220,4040
5,426,220.959,4040
5,427,220.958,4040
5,428,220.583,4040
5,429,220.334,4040
5,430,220.791,4040
5,431,219.834,4040
5,432,221.458,4040
5,433,220.125,4040
5,434,220.833,4040
5,435,222.75,4040
5,436,220.833,4040
5,437,220.417,4040
5,438,221.375,4040
5,439,221.666,4040
5,440,226.042,4040
5,441,222.5,4040
5,442,221.208,4040
5,443,219.917,4040
5,444,218.542,4040
5,445,222.041,4040
5,446,217.959,4040
5,447,220.416,4040
5,448,222.291,4040
5,449,220.209,4040
5,450,224.458,4040
5,451,221.125,4040
5,452,221.625,4040
5,453,218.917,4040
5,454,220.5,4040
5,455,220.417,4040
5,456,221.416,4040
5,457,221.542,4040
5,458,221.417,4040
5,459,220.875,4040
5,460,220.875,4040
5,461,221,4040
5,462,221.541,4040
5,463,221.792,4040
5,464,222.833,4040
5,465,220.375,4040
5,466,220.541,4040
5,467,222.25,4040
5,468,220.875,4040
5,469,221.083,4040
5,470,220.458,4040
5,471,220.333,4040
5,472,221.375,4040
5,473,222.584,4040
5,474,220.333,4040
5,475,221.375,4040
5,476,219.875,4040
5,477,221.083,4040
5,478,220.208,4040
5,479,220.417,4040
5,480,221.458,4040
5,481,220.459,4040
5,482,219.833,4040
5,483,223.208,4040
5,484,230.209,4040
5,485,233.041,4040
5,486,221.708,4040
5,487,221.334,4040
5,488,222.375,4040
5,489,220.625,4040
5,490,221.333,4040
5,491,221.125,4040
5,492,220.75,4040
5,493,220.167,4040
5,494,220.375,4040
5,495,220,4040
5,496,220.458,4040
5,497,220.625,4040
5,498,220.959,4040
5,499,219.958,4040
5,500,219.958,4040
5,501,220.292,4040
5,502,221.583,4040
5,503,220.584,4040
5,504,220.5,4040
5,505,221.125,4040
5,506,219.875,4040
5,507,220.167,4040
5,508,220.541,4040
5,509,219.959,4040
5,510,222.5,4040
5,511,221.958,4040
5,512,221.917,4040
5,513,220.708,4040
5,514,219.667,4040
5,515,223.083,4040
5,516,222.542,4040
5,517,220.833,4040
5,518,220.25,4040
5,519,220.75,4040
5,520,220.75,4040
5,521,222.333,4040
5,522,227.375,4040
5,523,228.542,4040
5,524,220.25,4040
5,525,225.416,4040
5,526,221.042,4040
5,527,220.167,4040
5,528,220.667,4040
5,529,220.875,4040
5,530,221.042,4040
5,531,226.416,4040
5,532,221.792,4040
5,533,221.458,4040
5,534,219.834,4040
5,535,219.625,4040
5,536,219.583,4040
5,537,220,4040
5,538,220.834,4040
5,539,220.708,4040
5,540,221.417,4040
5,541,220.875,4040
5,542,220.166,4040
5,543,220.75,4040
5,544,219.625,4040
5,545,220.167,4040
5,546,220.292,4040
5,547,220.917,4040
5,548,219.375,4040
5,549,220.875,4040
5,550,218.541,4040
5,551,220.125,4040
5,552,220.333,4040
5,553,221.125,4040
5,554,223.125,4040
5,555,220.958,4040
5,556,220.209,4040
5,557,222.416,4040
5,558,221.042,4040
5,559,221.083,4040
5,560,220.334,4040
5,561,219.875,4040
5,562,222,4040
5,563,223.208,4040
5,564,219.833,4040
5,565,219.625,4040
5,566,224.125,4040
5,567,221.667,4040
5,568,218.875,4040
5,569,219.75,4040
5,570,221.625,4040
5,571,221.792,4040
5,572,218.75,4040
5,573,218.958,4040
5,574,219.959,4040
5,575,219.625,4040
5,576,224.666,4040
5,577,226.917,4040
5,578,223.166,4040
5,579,220.334,4040
5,580,220.667,4040
5,581,222.958,4040
5,582,221.75,4040
5,583,220.875,4040
5,584,220.5,4040
5,585,220.958,4040
5,586,219.375,4040
5,587,218.375,4040
5,588,219.541,4040
5,589,223.084,4040
5,590,220.291,4040
5,591,228.834,4040
5,592,218.75,4040
5,593,219.916,4040
5,594,220.791,4040
5,595,220.208,4040
5,596,221.875,4040
5,597,219.959,4040
5,598,220.041,4040
5,599,220.625,4040
5,600,221.875,4040
5,601,221.625,4040
5,602,219.625,4040
5,603,221.875,4040
5,604,222,4040
5,605,219.75,4040
5,606,220.291,4040
5,607,221.542,4040
5,608,220.125,4040
5,609,220.167,4040
5,610,219.125,4040
5,611,219.458,4040
5,612,220.25,4040
5,613,220.625,4040
5,614,221.375,4040
5,615,219.417,4040
5,616,221.792,4040
5,617,221.5,4040
5,618,219.291,4040
5,619,221.125,4040
5,620,219.834,4040
5,621,223.75,4040
5,622,220.458,4040
5,623,220.958,4040
5,624,218.917,4040
5,625,220.25,4040
5,626,220.292,4040
5,627,219.583,4040
5,628,219.042,4040
5,629,220.667,4040
5,630,233.625,4040
5,631,221.417,4040
5,632,228.25,4040
5,633,222.708,4040
5,634,223.042,4040
5,635,220.5,4040
5,636,220.625,4040
5,637,220.542,4040
5,638,221.583,4040
5,639,222.042,4040
5,640,220.5,4040
5,641,219.666,4040
5,642,220.25,4040
5,643,225.25,4040
5,644,220.416,4040
5,645,221.041,4040
5,646,220.417,4040
5,647,220.667,4040
5,648,221.958,4040
5,649,220.667,4040
5,650,219.958,4040
5,651,221.542,4040
5,652,223.625,4040
5,653,219.958,4040
5,654,220.125,4040
5,655,219.75,4040
5,656,221.042,4040
5,657,219.5,4040
5,658,220.208,4040
5,659,219.875,4040
5,660,220.625,4040
5,661,221.208,4040
5,662,220.959,4040
5,663,220.5,4040
5,664,221.666,4040
5,665,219.125,4040
5,666,225.375,4040
5,667,220.834,4040
5,668,222.291,4040
5,669,220.75,4040
5,670,220.75,4040
5,671,221.792,4040
5,672,220.542,4040
5,673,221.125,4040
5,674,221.791,4040
5,675,220.708,4040
5,676,221.333,4040
5,677,219.459,4040
5,678,219.333,4040
5,679,220.125,4040
5,680,221.333,4040
5,681,220.167,4040
5,682,220.208,4040
5,683,221.209,4040
5,684,220.958,4040
5,685,222.417,4040
5,686,223.083,4040
5,687,219.917,4040
5,688,219.125,4040
5,689,226.5,4040
5,690,242.042,4040
5,691,221.083,4040
5,692,221.208,4040
5,693,220.959,4040
5,694,222.083,4040
5,695,219.542,4040
5,696,218.583,4040
5,697,223.375,4040
5,698,220.667,4040
5,699,219.625,4040
5,700,218.375,4040
5,701,219.417,4040
5,702,219.916,4040
5,703,220.834,4040
5,704,221,4040
5,705,220.083,4040
5,706,220.5,4040
5,707,219.375,4040
5,708,221.125,4040
5,709,221.167,4040
5,710,222.208,4040
5,711,221.75,4040
5,712,221.542,4040
5,713,220.958,4040
5,714,218.542,4040
5,715,219.458,4040
5,716,220.084,4040
5,717,221.667,4040
5,718,220.25,4040
5,719,220.583,4040
5,720,223.125,4040
5,721,221.833,4040
5,722,219.333,4040
5,723,219,4040
5,724,222.792,4040
5,725,219.708,4040
5,726,220.667,4040
5,727,221.416,4040
5,728,220.667,4040
5,729,220.625,4040
5,730,219.833,4040
5,731,219.459,4040
5,732,221.25,4040
5,733,231.416,4040
5,734,223.542,4040
5,735,223.583,4040
5,736,221.042,4040
5,737,221.416,4040
5,738,221.917,4040
5,739,220.5,4040
5,740,220.167,4040
5,741,219.958,4040
5,742,222.334,4040
5,743,222.291,4040
5,744,219.292,4040
5,745,221.917,4040
5,746,220.5,4040
5,747,221.125,4040
5,748,221.791,4040
5,749,223.417,4040
5,750,222.708,4040
5,751,221.667,4040
5,752,221.25,4040
5,753,220,4040
5,754,220.375,4040
5,755,220.167,4040
5,756,224.666,4040
5,757,222.125,4040
5,758,221.584,4040
5,759,221.041,4040
5,760,220.167,4040
5,761,220.875,4040
5,762,220.292,4040
5,763,220.541,4040
5,764,221.292,4040
5,765,219.208,4040
5,766,221.125,4040
5,767,221.625,4040
5,768,220.209,4040
5,769,220.25,4040
5,770,220.167,4040
5,771,219.583,4040
5,772,220.417,4040
5,773,219.5,4040
5,774,220.041,4040
5,775,221.75,4040
5,776,221.125,4040
5,777,223.709,4040
5,778,225.833,4040
5,779,223.542,4040
5,780,219.625,4040
5,781,224.833,4040
5,782,221.334,4040
5,783,219.458,4040
5,784,221.292,4040
5,785,220.25,4040
5,786,219.708,4040
5,787,219.708,4040
5,788,223.541,4040
5,789,222.625,4040
5,790,221.542,4040
5,791,221.5,4040
5,792,220.375,4040
5,793,220.75,4040
5,794,219.583,4040
5,795,222.041,4040
5,796,219.584,4040
5,797,220.125,4040
5,798,221,4040
5,799,220.5,4040
5,800,219.666,4040
5,801,224.959,4040
5,802,219.125,4040
5,803,219.125,4040
5,804,220.084,4040
5,805,219.291,4040
5,806,220.917,4040
5,807,220.042,4040
5,808,219.208,4040
5,809,220.25,4040
5,810,219,4040
5,811,219.959,4040
5,812,219.875,4040
5,813,220.833,4040
5,814,222.083,4040
5,815,221.917,4040
5,816,221.792,4040
5,817,220.416,4040
5,818,220.417,4040
5,819,220.708,4040
5,820,220.584,4040
5,821,220.416,4040
5,822,220.25,4040
5,823,222.584,4040
5,824,219.583,4040
5,825,219.417,4040
5,826,221.458,4040
5,827,219.25,4040
5,828,219.792,4040
5,829,220.125,4040
5,830,221,4040
5,831,219.792,4040
5,832,221.041,4040
5,833,219.667,4040
5,834,221.792,4040
5,835,220.958,4040
5,836,220.292,4040
5,837,221.208,4040
5,838,219.209,4040
5,839,219.083,4040
5,840,222.5,4040
5,841,220.375,4040
5,842,219.959,4040
5,843,219.666,4040
5,844,220.5,4040
5,845,220.792,4040
5,846,219.625,4040
5,847,224.333,4040
5,848,221.75,4040
5,849,221,4040
5,850,221.042,4040
5,851,220.625,4040
5,852,218.792,4040
5,853,222.708,4040
5,854,222.458,4040
5,855,220.167,4040
5,856,219.166,4040
5,857,220.375,4040
5,858,221,4040
5,859,224.167,4040
5,860,220.667,4040
5,861,220.75,4040
5,862,219.375,4040
5,863,220.958,4040
5,864,222.084,4040
5,865,220.875,4040
5,866,220.166,4040
5,867,219.125,4040
5,868,221.209,4040
5,869,221.833,4040
5,870,221.833,4040
5,871,221.209,4040
5,872,221.875,4040
5,873,219.583,4040
5,874,219.709,4040
5,875,221.791,4040
5,876,219.167,4040
5,877,219.667,4040
5,878,219.125,4040
5,879,221.792,4040
5,880,220.375,4040
5,881,221.292,4040
5,882,220.875,4040
5,883,221.5,4040
5,884,221.084,4040
5,885,220.166,4040
5,886,221.291,4040
5,887,220.042,4040
5,888,220.792,4040
5,889,219.416,4040
5,890,220.834,4040
5,891,220.5,4040
5,892,222,4040
5,893,221.583,4040
5,894,219.792,4040
5,895,219.25,4040
5,896,220.791,4040
5,897,220.709,4040
5,898,220.291,4040
5,899,221.125,4040
5,900,221,4040
5,901,220.709,4040
5,902,221.291,4040
5,903,220.209,4040
5,904,220.666,4040
5,905,220.292,4040
5,906,220.958,4040
5,907,218.75,4040
5,908,220.167,4040
5,909,222.292,4040
5,910,219.333,4040
5,911,220.459,4040
5,912,219.958,4040
5,913,220.083,4040
5,914,220.542,4040
5,915,220.042,4040
5,916,220.666,4040
5,917,221.834,4040
5,918,223.166,4040
5,919,221.5,4040
5,920,220.916,4040
5,921,220.167,4040
5,922,219.25,4040
5,923,219.167,4040
5,924,221,4040
5,925,220.125,4040
5,926,221.375,4040
5,927,221.167,4040
5,928,220.291,4040
5,929,221.542,4040
5,930,221.708,4040
5,931,219.5,4040
5,932,221.666,4040
5,933,221.084,4040
5,934,221.583,4040
5,935,219.042,4040
5,936,217.291,4040
5,937,223.459,4040
5,938,221.5,4040
5,939,222.375,4040
5,940,219.708,4040
5,941,222.042,4040
5,942,221.5,4040
5,943,221.083,4040
5,944,221.709,4040
5,945,219.625,4040
5,946,220.083,4040
5,947,220.667,4040
5,948,222.542,4040
5,949,225.041,4040
5,950,227.334,4040
5,951,240.333,4040
5,952,233.542,4040
5,953,248.083,4040
5,954,226.667,4040
5,955,225.208,4040
5,956,226.25,4040
5,957,224.875,4040
5,958,224.208,4040
5,959,224.209,4040
5,960,231.5,4040
5,961,231,4040
5,962,225.75,4040
5,963,224.792,4040
5,964,225.208,4040
5,965,226.042,4040
5,966,233.417,4040
5,967,225.542,4040
5,968,225.083,4040
5,969,226.792,4040
5,970,225.583,4040
5,971,264.16699999999997,4040
5,972,240.167,4040
5,973,220.125,4040
5,974,219.875,4040
5,975,222.083,4040
5,976,220.792,4040
5,977,219.959,4040
5,978,221.375,4040
5,979,218.083,4040
5,980,220.917,4040
5,981,223.75,4040
5,982,221.208,4040
5,983,220,4040
5,984,221.292,4040
5,985,221.541,4040
5,986,219.209,4040
5,987,219.791,4040
5,988,221.959,4040
5,989,219.208,4040
5,990,221.375,4040
5,991,229,4040
5,992,221.25,4040
5,993,223.292,4040
5,994,219.208,4040
5,995,218.708,4040
5,996,225.458,4040
5,997,221.875,4040
5,998,218.709,4040
5,999,224.875,4040
10,0,424.334,7744
10,1,425.41699999999997,7744
10,2,427.29199999999997,7744
10,3,426.166,7744
10,4,426.5,7744
10,5,424.834,7744
10,6,425.20800000000003,7744
10,7,426.58300000000003,7744
10,8,427,7744
10,9,423.5,7744
10,10,423.91699999999997,7744
10,11,422.45800000000003,7744
10,12,428.08300000000003,7744
10,13,424.66699999999997,7744
10,14,425.04199999999997,7744
10,15,424.58300000000003,7744
10,16,424.125,7744
10,17,423.29199999999997,7744
10,18,432.541,7744
10,19,437,7744
10,20,431.416,7744
10,21,426.16699999999997,7744
10,22,426.08300000000003,7744
10,23,431.5,7744
10,24,424.5,7744
10,25,425.834,7744
10,26,424.291,7744
10,27,422.709,7744
10,28,425.95800000000003,7744
10,29,424.91699999999997,7744
10,30,423.75,7744
10,31,430.70800000000003,7744
10,32,422.209,7744
10,33,422.95800000000003,7744
10,34,424.66699999999997,7744
10,35,426.08300000000003,7744
10,36,426.5,7744
10,37,423.75,7744
10,38,422.91699999999997,7744
10,39,423.45800000000003,7744
10,40,428.41699999999997,7744
10,41,425.834,7744
10,42,425.70800000000003,7744
10,43,426.83300000000003,7744
10,44,424.04199999999997,7744
10,45,423.125,7744
10,46,425.709,7744
10,47,424.375,7744
10,48,426.125,7744
10,49,424.666,7744
10,50,426.166,7744
10,51,435.04199999999997,7744
10,52,425,7744
10,53,425.79199999999997,7744
10,54,427.25,7744
10,55,424.95800000000003,7744
10,56,424.83300000000003,7744
10,57,425.54199999999997,7744
10,58,425.20800000000003,7744
10,59,425.79199999999997,7744
10,60,424.29199999999997,7744
10,61,423.75,7744
10,62,423.291,7744
10,63,426.084,7744
10,64,425,7744
10,65,424.83300000000003,7744
10,66,425.08300000000003,7744
10,67,433,7744
10,68,423.459,7744
10,69,426.416,7744
10,70,426.29199999999997,7744
10,71,422.95800000000003,7744
10,72,424.875,7744
10,73,424.084,7744
10,74,426.875,7744
10,75,422.625,7744
10,76,425.834,7744
10,77,435.75,7744
10,78,424.291,7744
10,79,431.66699999999997,7744
10,80,426,7744
10,81,423.20800000000003,7744
10,82,426.166,7744
10,83,424.959,7744
10,84,425.83300000000003,7744
10,85,425.66699999999997,7744
10,86,426.70800000000003,7744
10,87,424.791,7744
10,88,426.834,7744
10,89,426.33300000000003,7744
10,90,425.33300000000003,7744
10,91,425.375,7744
10,92,424.54199999999997,7744
10,93,424.75,7744
10,94,423.25,7744
10,95,423.875,7744
10,96,427.5,7744
10,97,438.709,7744
10,98,424.375,7744
10,99,425.66699999999997,7744
10,100,425.25,7744
10,101,431.5,7744
10,102,428.95800000000003,7744
10,103,428.16699999999997,7744
10,104,422.75,7744
10,105,425.29199999999997,7744
10,106,422.5,7744
10,107,424.66699999999997,7744
10,108,422.95800000000003,7744
10,109,424.29199999999997,7744
10,110,427.41699999999997,7744
10,111,422.33300000000003,7744
10,112,422.875,7744
10,113,426.875,7744
10,114,430.45800000000003,7744
10,115,425.75,7744
10,116,424.834,7744
10,117,424.625,7744
10,118,425.79199999999997,7744
10,119,428.166,7744
10,120,423.625,7744
10,121,422.91699999999997,7744
10,122,423.375,7744
10,123,422.91699999999997,7744
10,124,431.33300000000003,7744
10,125,425.45800000000003,7744
10,126,424.54199999999997,7744
10,127,425.375,7744
10,128,423.375,7744
10,129,439.084,7744
10,130,425.166,7744
10,131,423.75,7744
10,132,423.209,7744
10,133,424.58300000000003,7744
10,134,424.91699999999997,7744
10,135,422.95800000000003,7744
10,136,424.04199999999997,7744
10,137,424.541,7744
10,138,423.916,7744
10,139,422.459,7744
10,140,425,7744
10,141,424.41699999999997,7744
10,142,436.875,7744
10,143,426.25,7744
10,144,423.91699999999997,7744
10,145,423.375,7744
10,146,424.08300000000003,7744
10,147,426.125,7744
10,148,430.084,7744
10,149,425.95800000000003,7744
10,150,424.20800000000003,7744
10,151,421,7744
10,152,424.041,7744
10,153,423.29199999999997,7744
10,154,425.54199999999997,7744
10,155,423.166,7744
10,156,424.791,7744
10,157,423.54199999999997,7744
10,158,428.125,7744
10,159,423.54199999999997,7744
10,160,424.5,7744
10,161,465.79199999999997,7744
10,162,411.375,7744
10,163,405.54199999999997,7744
10,164,403.791,7744
10,165,402.20800000000003,7744
10,166,402.29199999999997,7744
10,167,401.16699999999997,7744
10,168,402.33300000000003,7744
10,169,402.125,7744
10,170,403.58300000000003,7744
10,171,404.08300000000003,7744
10,172,406.041,7744
10,173,401.834,7744
10,174,400.75,7744
10,175,405.5,7744
10,176,411.375,7744
10,177,403.5,7744
10,178,404.209,7744
10,179,402.20800000000003,7744
10,180,402.83300000000003,7744
10,181,404.25,7744
10,182,403.54199999999997,7744
10,183,402.25,7744
10,184,402.834,7744
10,185,412.291,7744
10,186,410.791,7744
10,187,403.91699999999997,7744
10,188,403.08300000000003,7744
10,189,402.834,7744
10,190,401.5,7744
10,191,402.58300000000003,7744
10,192,403,7744
10,193,402.125,7744
10,194,403.04199999999997,7744
10,195,403.16699999999997,7744
10,196,402.95800000000003,7744
10,197,402.375,7744
10,198,402.91699999999997,7744
10,199,401.25,7744
10,200,403.29199999999997,7744
10,201,404.041,7744
10,202,401.75,7744
10,203,401.41699999999997,7744
10,204,402.54199999999997,7744
10,205,401.75,7744
10,206,402.95800000000003,7744
10,207,402.875,7744
10,208,402.91699999999997,7744
10,209,401.29199999999997,7744
10,210,414.25,7744
10,211,402.54199999999997,7744
10,212,402.916,7744
10,213,401.875,7744
10,214,401.5,7744
10,215,402.041,7744
10,216,402.5,7744
10,217,401.709,7744
10,218,403.58300000000003,7744
10,219,402.33300000000003,7744
10,220,403.25,7744
10,221,402.29199999999997,7744
10,222,402.334,7744
10,223,402.5,7744
10,224,403.75,7744
10,225,404.5,7744
10,226,402.04199999999997,7744
10,227,402.08300000000003,7744
10,228,401.5,7744
10,229,404.91699999999997,7744
10,230,405.75,7744
10,231,402.834,7744
10,232,401.29199999999997,7744
10,233,403.20800000000003,7744
10,234,402,7744
10,235,405.45800000000003,7744
10,236,400.70800000000003,7744
10,237,401.5,7744
10,238,401.70800000000003,7744
10,239,403.58300000000003,7744
10,240,403.83300000000003,7744
10,241,402.45800000000003,7744
10,242,401.416,7744
10,243,403.33300000000003,7744
10,244,404.70800000000003,7744
10,245,404.625,7744
10,246,402.375,7744
10,247,402.66699999999997,7744
10,248,403.875,7744
10,249,402.75,7744
10,250,404.791,7744
10,251,402.584,7744
10,252,402.041,7744
10,253,404.041,7744
10,254,403.33300000000003,7744
10,255,404.58300000000003,7744
10,256,419.08300000000003,7744
10,257,402.95800000000003,7744
10,258,416.16699999999997,7744
10,259,409.54199999999997,7744
10,260,406.125,7744
10,261,402.375,7744
10,262,403,7744
10,263,403.08300000000003,7744
10,264,402.04199999999997,7744
10,265,402.41699999999997,7744
10,266,401.375,7744
10,267,400.95800000000003,7744
10,268,400.29199999999997,7744
10,269,402.125,7744
10,270,401.54199999999997,7744
10,271,401.08300000000003,7744
10,272,401.33300000000003,7744
10,273,402.209,7744
10,274,402.45800000000003,7744
10,275,403.625,7744
10,276,401.54199999999997,7744
10,277,401.916,7744
10,278,402.91699999999997,7744
10,279,402.16699999999997,7744
10,280,402.5,7744
10,281,404.375,7744
10,282,403.709,7744
10,283,401.291,7744
10,284,405.625,7744
10,285,401.54199999999997,7744
10,286,401.33300000000003,7744
10,287,405.709,7744
10,288,401.625,7744
10,289,402.70800000000003,7744
10,290,400.08300000000003,7744
10,291,402.375,7744
10,292,412.45800000000003,7744
10,293,402.75,7744
10,294,401.29199999999997,7744
10,295,402,7744
10,296,401,7744
10,297,401.625,7744
10,298,400.41699999999997,7744
10,299,411.91699999999997,7744
10,300,400.666,7744
10,301,406.541,7744
10,302,403,7744
10,303,401.375,7744
10,304,403,7744
10,305,403.375,7744
10,306,402.83300000000003,7744
10,307,402.125,7744
10,308,402.75,7744
10,309,404,7744
10,310,402.375,7744
10,311,402.08300000000003,7744
10,312,414.625,7744
10,313,400.166,7744
10,314,404.25,7744
10,315,402,7744
10,316,401.541,7744
10,317,402,7744
10,318,402.416,7744
10,319,401.209,7744
10,320,400.666,7744
10,321,402.041,7744
10,322,400.54199999999997,7744
10,323,402.95800000000003,7744
10,324,408.79199999999997,7744
10,325,402.16699999999997,7744
10,326,404.5,7744
10,327,402.125,7744
10,328,407.625,7744
10,329,404.625,7744
10,330,403.58300000000003,7744
10,331,409.79199999999997,7744
10,332,402.08300000000003,7744
10,333,402.625,7744
10,334,408.334,7744
10,335,402.29199999999997,7744
10,336,403.08300000000003,7744
10,337,402.834,7744
10,338,404.08300000000003,7744
10,339,402.75,7744
10,340,403.875,7744
10,341,403.459,7744
10,342,403.75,7744
10,343,402.625,7744
10,344,405.83300000000003,7744
10,345,403.04199999999997,7744
10,346,402.459,7744
10,347,402,7744
10,348,401.625,7744
10,349,402.20800000000003,7744
10,350,402.04199999999997,7744
10,351,403.45800000000003,7744
10,352,402.04199999999997,7744
10,353,400.75,7744
10,354,400.916,7744
10,355,401.08300000000003,7744
10,356,402.54199999999997,7744
10,357,399.209,7744
10,358,401.66699999999997,7744
10,359,404.625,7744
10,360,401.29199999999997,7744
10,361,402.29199999999997,7744
10,362,401.5,7744
10,363,405.875,7744
10,364,401.45800000000003,7744
10,365,402.459,7744
10,366,400.625,7744
10,367,402.33300000000003,7744
10,368,401.375,7744
10,369,402.375,7744
10,370,402.166,7744
10,371,402.209,7744
10,372,401.5,7744
10,373,403.20800000000003,7744
10,374,402.29199999999997,7744
10,375,410.5,7744
10,376,403.084,7744
10,377,401.95800000000003,7744
10,378,402.04199999999997,7744
10,379,400.5,7744
10,380,402.79199999999997,7744
10,381,402.79199999999997,7744
10,382,401.29199999999997,7744
10,383,402.83300000000003,7744
10,384,409.5,7744
10,385,403.95800000000003,7744
10,386,403.20800000000003,7744
10,387,402.91699999999997,7744
10,388,402.70800000000003,7744
10,389,401.166,7744
10,390,402.834,7744
10,391,400.75,7744
10,392,401.5,7744
10,393,404,7744
10,394,400.95800000000003,7744
10,395,401.54199999999997,7744
10,396,407.16699999999997,7744
10,397,401.08300000000003,7744
10,398,399.834,7744
10,399,402.79199999999997,7744
10,400,400.625,7744
10,401,399.95800000000003,7744
10,402,403.125,7744
10,403,406.79199999999997,7744
10,404,401.375,7744
10,405,402.375,7744
10,406,401.08300000000003,7744
10,407,401.83300000000003,7744
10,408,406.375,7744
10,409,403.91699999999997,7744
10,410,401.75,7744
10,411,401,7744
10,412,403.625,7744
10,413,403.959,7744
10,414,401.875,7744
10,415,401.83300000000003,7744
10,416,403,7744
10,417,401.70800000000003,7744
10,418,401.66699999999997,7744
10,419,404.20800000000003,7744
10,420,402,7744
10,421,406.875,7744
10,422,402.70800000000003,7744
10,423,417.54199999999997,7744
10,424,403.45800000000003,7744
10,425,404.75,7744
10,426,401.625,7744
10,427,404.625,7744
10,428,402.166,7744
10,429,403.375,7744
10,430,401.209,7744
10,431,401.875,7744
10,432,402.41699999999997,7744
10,433,408.04199999999997,7744
10,434,403.166,7744
10,435,402.66699999999997,7744
10,436,402.41699999999997,7744
10,437,406.04199999999997,7744
10,438,401.041,7744
10,439,402.70800000000003,7744
10,440,401.375,7744
10,441,402.16699999999997,7744
10,442,401.95800000000003,7744
10,443,401.79199999999997,7744
10,444,402,7744
10,445,403.916,7744
10,446,401.79199999999997,7744
10,447,408.70800000000003,7744
10,448,402.166,7744
10,449,401.95800000000003,7744
10,450,400.375,7744
10,451,401.625,7744
10,452,400.66699999999997,7744
10,453,401.66699999999997,7744
10,454,401.95800000000003,7744
10,455,401.83300000000003,7744
10,456,401.416,7744
10,457,402.16699999999997,7744
10,458,407,7744
10,459,404.70800000000003,7744
10,460,402.45800000000003,7744
10,461,399.79199999999997,7744
10,462,410.375,7744
10,463,401.29199999999997,7744
10,464,402.79199999999997,7744
10,465,401.541,7744
10,466,401.66699999999997,7744
10,467,402.875,7744
10,468,402.04199999999997,7744
10,469,402.25,7744
10,470,401.33300000000003,7744
10,471,402.83300000000003,7744
10,472,401.04199999999997,7744
10,473,403.5,7744
10,474,403.16699999999997,7744
10,475,401.334,7744
10,476,401.709,7744
10,477,401.5,7744
10,478,401.54199999999997,7744
10,479,402.666,7744
10,480,400.29199999999997,7744
10,481,403.83300000000003,7744
10,482,402,7744
10,483,404.709,7744
10,484,402.66699999999997,7744
10,485,402.79199999999997,7744
10,486,402.125,7744
10,487,401.83300000000003,7744
10,488,405.084,7744
10,489,401.875,7744
10,490,401.5,7744
10,491,402.334,7744
10,492,403.75,7744
10,493,401.209,7744
10,494,404.375,7744
10,495,403.25,7744
10,496,400.75,7744
10,497,402.16699999999997,7744
10,498,401.66699999999997,7744
10,499,401.75,7744
10,500,402.95800000000003,7744
10,501,402.709,7744
10,502,402.791,7744
10,503,403.91699999999997,7744
10,504,400.04199999999997,7744
10,505,402.70800000000003,7744
10,506,416.41699999999997,7744
10,507,420.625,7744
10,508,402.29199999999997,7744
10,509,403,7744
10,510,400.875,7744
10,511,403.75,7744
10,512,402.54199999999997,7744
10,513,401.041,7744
10,514,402.125,7744
10,515,401.79199999999997,7744
10,516,403.75,7744
10,517,401.584,7744
10,518,402.08300000000003,7744
10,519,401.04199999999997,7744
10,520,404,7744
10,521,402.916,7744
10,522,400.5,7744
10,523,400.70800000000003,7744
10,524,402.08300000000003,7744
10,525,401.91699999999997,7744
10,526,402.79199999999997,7744
10,527,401.33300000000003,7744
10,528,402,7744
10,529,401.875,7744
10,530,400.875,7744
10,531,401.45800000000003,7744
10,532,408.25,7744
10,533,401.084,7744
10,534,401.125,7744
10,535,403.04199999999997,7744
10,536,403.08300000000003,7744
10,537,401.66699999999997,7744
10,538,400.83300000000003,7744
10,539,401.334,7744
10,540,407.66699999999997,7744
10,541,402.5,7744
10,542,400.375,7744
10,543,399.83300000000003,7744
10,544,402.70800000000003,7744
10,545,402.16699999999997,7744
10,546,402.83300000000003,7744
10,547,402.875,7744
10,548,402,7744
10,549,401.209,7744
10,550,401.166,7744
10,551,401.91699999999997,7744
10,552,400.625,7744
10,553,402.91699999999997,7744
10,554,402.459,7744
10,555,402.08300000000003,7744
10,556,403.70800000000003,7744
10,557,403.291,7744
10,558,402.125,7744
10,559,400.334,7744
10,560,402,7744
10,561,402.5,7744
10,562,401.375,7744
10,563,401.75,7744
10,564,401.5,7744
10,565,399.875,7744
10,566,403.54199999999997,7744
10,567,399.125,7744
10,568,401.75,7744
10,569,401.29199999999997,7744
10,570,403.75,7744
10,571,402.666,7744
10,572,400.834,7744
10,573,404.666,7744
10,574,402.83300000000003,7744
10,575,403.04199999999997,7744
10,576,402,7744
10,577,402.834,7744
10,578,402.334,7744
10,579,403.20800000000003,7744
10,580,403.33300000000003,7744
10,581,402.625,7744
10,582,404.959,7744
10,583,401.625,7744
10,584,402.20800000000003,7744
10,585,400.959,7744
10,586,400.58300000000003,7744
10,587,422.916,7744
10,588,402.54199999999997,7744
10,589,409,7744
10,590,402.375,7744
10,591,402,7744
10,592,401.166,7744
10,593,402.459,7744
10,594,404.375,7744
10,595,401.29199999999997,7744
10,596,402.95800000000003,7744
10,597,401,7744
10,598,401.375,7744
10,599,401.29199999999997,7744
10,600,406.70800000000003,7744
10,601,400.041,7744
10,602,401.29199999999997,7744
10,603,402.16699999999997,7744
10,604,400.5,7744
10,605,401.79199999999997,7744
10,606,406.625,7744
10,607,412.75,7744
10,608,403.20800000000003,7744
10,609,401.125,7744
10,610,401.125,7744
10,611,402.58300000000003,7744
10,612,400.45800000000003,7744
10,613,401.084,7744
10,614,400.584,7744
10,615,402.416,7744
10,616,401.70800000000003,7744
10,617,402.709,7744
10,618,402.125,7744
10,619,400.16699999999997,7744
10,620,407.666,7744
10,621,405.79199999999997,7744
10,622,401.875,7744
10,623,409.625,7744
10,624,403.91699999999997,7744
10,625,401.29199999999997,7744
10,626,399.75,7744
10,627,400.625,7744
10,628,402.54199999999997,7744
10,629,434.29199999999997,7744
10,630,407.58300000000003,7744
10,631,406.79199999999997,7744
10,632,403.54199999999997,7744
10,633,401.66699999999997,7744
10,634,402,7744
10,635,401.125,7744
10,636,401.375,7744
10,637,400.875,7744
10,638,403.08300000000003,7744
10,639,400.79199999999997,7744
10,640,401.125,7744
10,641,401.41699999999997,7744
10,642,402.625,7744
10,643,410.41699999999997,7744
10,644,402.625,7744
10,645,400.41699999999997,7744
10,646,401.66699999999997,7744
10,647,403.04199999999997,7744
10,648,416.33300000000003,7744
10,649,402.625,7744
10,650,403.625,7744
10,651,400.125,7744
10,652,401.45800000000003,7744
10,653,402.20800000000003,7744
10,654,408.375,7744
10,655,400.834,7744
10,656,405.625,7744
10,657,404.54199999999997,7744
10,658,401.54199999999997,7744
10,659,401.5,7744
10,660,402.41699999999997,7744
10,661,402.83300000000003,7744
10,662,400.459,7744
10,663,401.041,7744
10,664,405,7744
10,665,401.125,7744
10,666,401.375,7744
10,667,402.41699999999997,7744
10,668,400.33300000000003,7744
10,669,401.875,7744
10,670,401.625,7744
10,671,409.33300000000003,7744
10,672,401.25,7744
10,673,404.79199999999997,7744
10,674,401.41699999999997,7744
10,675,401,7744
10,676,401.25,7744
10,677,402.16699999999997,7744
10,678,401.541,7744
10,679,401.375,7744
10,680,401.25,7744
10,681,403.625,7744
10,682,402.08300000000003,7744
10,683,401.875,7744
10,684,408.54199999999997,7744
10,685,402.791,7744
10,686,398.70800000000003,7744
10,687,400.25,7744
10,688,401.959,7744
10,689,402.584,7744
10,690,402.70800000000003,7744
10,691,403.41699999999997,7744
10,692,402.584,7744
10,693,401.916,7744
10,694,402.04199999999997,7744
10,695,402.33300000000003,7744
10,696,400.625,7744
10,697,401.91699999999997,7744
10,698,401.04199999999997,7744
10,699,403.08300000000003,7744
10,700,400.95800000000003,7744
10,701,401.125,7744
10,702,400.75,7744
10,703,400.5,7744
10,704,403.29199999999997,7744
10,705,403.041,7744
10,706,415.959,7744
10,707,403.95800000000003,7744
10,708,402.08300000000003,7744
10,709,403.375,7744
10,710,406.95800000000003,7744
10,711,408.75,7744
10,712,401.125,7744
10,713,401.91699999999997,7744
10,714,402.375,7744
10,715,402.20800000000003,7744
10,716,400,7744
10,717,401.625,7744
10,718,402,7744
10,719,401.541,7744
10,720,402.291,7744
10,721,401.791,7744
10,722,402.16699999999997,7744
10,723,402.58300000000003,7744
10,724,403.875,7744
10,725,402.959,7744
10,726,403.709,7744
10,727,401.83300000000003,7744
10,728,401.66699999999997,7744
10,729,400.584,7744
10,730,413.125,7744
10,731,413.334,7744
10,732,401.95800000000003,7744
10,733,405.83300000000003,7744
10,734,400.04199999999997,7744
10,735,401.70800000000003,7744
10,736,402.66699999999997,7744
10,737,401.459,7744
10,738,403.375,7744
10,739,403.66699999999997,7744
10,740,401.209,7744
10,741,401.41699999999997,7744
10,742,403.75,7744
10,743,403.54199999999997,7744
10,744,401.041,7744
10,745,401.334,7744
10,746,402.166,7744
10,747,402.91699999999997,7744
10,748,401.25,7744
10,749,402.66699999999997,7744
10,750,400.79199999999997,7744
10,751,402.83300000000003,7744
10,752,412.04199999999997,7744
10,753,409.334,7744
10,754,401.20800000000003,7744
10,755,406.709,7744
10,756,401.125,7744
10,757,400.75,7744
10,758,403.29199999999997,7744
10,759,402.666,7744
10,760,401.29199999999997,7744
10,761,403.29199999999997,7744
10,762,401.25,7744
10,763,403.04199999999997,7744
10,764,403.33300000000003,7744
10,765,400.834,7744
10,766,402.25,7744
10,767,412.875,7744
10,768,402.625,7744
10,769,402.375,7744
10,770,399.459,7744
10,771,399.54199999999997,7744
10,772,406.25,7744
10,773,413.58300000000003,7744
10,774,403.916,7744
10,775,399.084,7744
10,776,401.41699999999997,7744
10,777,402.91699999999997,7744
10,778,400.83300000000003,7744
10,779,402.79199999999997,7744
10,780,403.83300000000003,7744
10,781,401.75,7744
10,782,401.5,7744
10,783,406.70800000000003,7744
10,784,401.584,7744
10,785,399.20800000000003,7744
10,786,401.5,7744
10,787,403.66699999999997,7744
10,788,407.08300000000003,7744
10,789,401.16699999999997,7744
10,790,401.084,7744
10,791,400.416,7744
10,792,400.04199999999997,7744
10,793,411.125,7744
10,794,401.75,7744
10,795,403.70800000000003,7744
10,796,401.16699999999997,7744
10,797,401.70800000000003,7744
10,798,401.16699999999997,7744
10,799,401.625,7744
10,800,402.79199999999997,7744
10,801,400.83300000000003,7744
10,802,400.95800000000003,7744
10,803,402.5,7744
10,804,402.625,7744
10,805,405.125,7744
10,806,400,7744
10,807,400.166,7744
10,808,403.5,7744
10,809,400.959,7744
10,810,402.541,7744
10,811,403.084,7744
10,812,401.58300000000003,7744
10,813,411.875,7744
10,814,413.20800000000003,7744
10,815,401.16699999999997,7744
10,816,400,7744
10,817,402.625,7744
10,818,402.5,7744
10,819,403.291,7744
10,820,400.709,7744
10,821,402.75,7744
10,822,401.125,7744
10,823,398.916,7744
10,824,401.16699999999997,7744
10,825,400.83300000000003,7744
10,826,402.375,7744
10,827,399.959,7744
10,828,402.08300000000003,7744
10,829,403.16699999999997,7744
10,830,404.166,7744
10,831,402.334,7744
10,832,399.91699999999997,7744
10,833,401.959,7744
10,834,402.08300000000003,7744
10,835,403.959,7744
10,836,405.916,7744
10,837,402.29199999999997,7744
10,838,403.54199999999997,7744
10,839,402.125,7744
10,840,402.66699999999997,7744
10,841,401.41699999999997,7744
10,842,402.20800000000003,7744
10,843,402.959,7744
10,844,401.20800000000003,7744
10,845,400.83300000000003,7744
10,846,403.04199999999997,7744
10,847,401.41699999999997,7744
10,848,400.041,7744
10,849,401.834,7744
10,850,402.416,7744
10,851,401.54199999999997,7744
10,852,399.625,7744
10,853,400,7744
10,854,405.16699999999997,7744
10,855,408.291,7744
10,856,404.041,7744
10,857,401.66699999999997,7744
10,858,401.04199999999997,7744
10,859,401.416,7744
10,860,402.66699999999997,7744
10,861,405.04199999999997,7744
10,862,402.125,7744
10,863,402.834,7744
10,864,401.125,7744
10,865,400.625,7744
10,866,401.334,7744
10,867,414.70800000000003,7744
10,868,402.541,7744
10,869,404.25,7744
10,870,414.16699999999997,7744
10,871,403.375,7744
10,872,401,7744
10,873,403.125,7744
10,874,401.41699999999997,7744
10,875,402.166,7744
10,876,411.91699999999997,7744
10,877,403.20800000000003,7744
10,878,400.08300000000003,7744
10,879,406.75,7744
10,880,400.916,7744
10,881,399.084,7744
10,882,401.58300000000003,7744
10,883,401.75,7744
10,884,402.625,7744
10,885,404.75,7744
10,886,404.125,7744
10,887,400.625,7744
10,888,399.5,7744
10,889,402.29199999999997,7744
10,890,400.75,7744
10,891,403.709,7744
10,892,411.08300000000003,7744
10,893,402.70800000000003,7744
10,894,413.33300000000003,7744
10,895,405.20800000000003,7744
10,896,418.04199999999997,7744
10,897,403.834,7744
10,898,401.20800000000003,7744
10,899,400.91699999999997,7744
10,900,405.166,7744
10,901,400.375,7744
10,902,401.20800000000003,7744
10,903,401.58300000000003,7744
10,904,404.709,7744
10,905,405.29199999999997,7744
10,906,403.25,7744
10,907,403.084,7744
10,908,403.916,7744
10,909,401.58300000000003,7744
10,910,404.875,7744
10,911,401.45800000000003,7744
10,912,401.084,7744
10,913,401.666,7744
10,914,401.375,7744
10,915,401.75,7744
10,916,403.625,7744
10,917,407.291,7744
10,918,408.125,7744
10,919,409,7744
10,920,402.625,7744
10,921,402.125,7744
10,922,402.666,7744
10,923,400.25,7744
10,924,404.20800000000003,7744
10,925,403.41699999999997,7744
10,926,400.91699999999997,7744
10,927,398.95800000000003,7744
10,928,401.125,7744
10,929,407.334,7744
10,930,401.20800000000003,7744
10,931,400.70800000000003,7744
10,932,410.25,7744
10,933,402.125,7744
10,934,402.16699999999997,7744
10,935,400.45800000000003,7744
10,936,401.95800000000003,7744
10,937,401.084,7744
10,938,402.95800000000003,7744
10,939,411.29199999999997,7744
10,940,399.416,7744
10,941,400.08300000000003,7744
10,942,401.959,7744
10,943,401.416,7744
10,944,400.959,7744
10,945,402.5,7744
10,946,404.25,7744
10,947,401.75,7744
10,948,401.08300000000003,7744
10,949,402.125,7744
10,950,401.709,7744
10,951,399.625,7744
10,952,400.54199999999997,7744
10,953,424.791,7744
10,954,403.084,7744
10,955,399.95800000000003,7744
10,956,401.041,7744
10,957,403.125,7744
10,958,407.70800000000003,7744
10,959,407.25,7744
10,960,403.08300000000003,7744
10,961,400.79199999999997,7744
10,962,402.16699999999997,7744
10,963,401.70800000000003,7744
10,964,400.08300000000003,7744
10,965,401.70800000000003,7744
10,966,402.416,7744
10,967,403.04199999999997,7744
10,968,402.91699999999997,7744
10,969,399.709,7744
10,970,403,7744
10,971,399.79199999999997,7744
10,972,402.33300000000003,7744
10,973,401.916,7744
10,974,403.459,7744
10,975,400.83300000000003,7744
10,976,400.66699999999997,7744
10,977,403.41699999999997,7744
10,978,406.04199999999997,7744
10,979,402.25,7744
10,980,401.459,7744
10,981,400.875,7744
10,982,401.91699999999997,7744
10,983,404.29199999999997,7744
10,984,400.91699999999997,7744
10,985,401.33300000000003,7744
10,986,403.25,7744
10,987,402.75,7744
10,988,401,7744
10,989,400.25,7744
10,990,401.29199999999997,7744
10,991,402.625,7744
10,992,401.04199999999997,7744
10,993,399.875,7744
10,994,410.5,7744
10,995,403.084,7744
10,996,401.20800000000003,7744
10,997,400.58300000000003,7744
10,998,401.04199999999997,7744
10,999,401.791,7744
